account_id;origin_id;;;;;;;;;;;;;;;;;;;;;;;;
1;1;;;;;;;;;;;;;;;;;;;;;;;;
2;2;;;;;;;;;;;;;;;;;;;;;;;;
3;3;;;;;;;;;;;;;;;;;;;;;;;;
4;3;;;;;;;;;;;;;;;;;;;;;;;;
5;4;;;;;;;;;;;;;;;;;;;;;;;;
5;7;;;;;;;;;;;;;;;;;;;;;;;;
5;6;;;;;;;;;;;;;;;;;;;;;;;;
6;7;;;;;;;;;;;;;;;;;;;;;;;;
7;8;;;;;;;;;;;;;;;;;;;;;;;;
8;9;;;;;;;;;;;;;;;;;;;;;;;;
9;10;;;;;;;;;;;;;;;;;;;;;;;;
10;6;;;;;;;;;;;;;;;;;;;;;;;;
11;11;;;;;;;;;;;;;;;;;;;;;;;;
12;12;;;;;;;;;;;;;;;;;;;;;;;;
13;12;;;;;;;;;;;;;;;;;;;;;;;;
14;13;;;;;;;;;;;;;;;;;;;;;;;;
15;0;;;;;;;;;;;;;;;;;;;;;;;;
16;0;;;;;;;;;;;;;;;;;;;;;;;;
17;0;;;;;;;;;;;;;;;;;;;;;;;;
18;0;;;;;;;;;;;;;;;;;;;;;;;;
19;0;;;;;;;;;;;;;;;;;;;;;;;;
20;0;;;;;;;;;;;;;;;;;;;;;;;;
21;0;;;;;;;;;;;;;;;;;;;;;;;;
22;0;;;;;;;;;;;;;;;;;;;;;;;;
23;0;;;;;;;;;;;;;;;;;;;;;;;;
24;0;;;;;;;;;;;;;;;;;;;;;;;;
25;0;;;;;;;;;;;;;;;;;;;;;;;;
26;14;;;;;;;;;;;;;;;;;;;;;;;;
27;15;;;;;;;;;;;;;;;;;;;;;;;;
28;16;;;;;;;;;;;;;;;;;;;;;;;;
29;17;;;;;;;;;;;;;;;;;;;;;;;;
30;17;;;;;;;;;;;;;;;;;;;;;;;;
31;17;;;;;;;;;;;;;;;;;;;;;;;;
32;18;;;;;;;;;;;;;;;;;;;;;;;;
33;16;;;;;;;;;;;;;;;;;;;;;;;;
34;19;;;;;;;;;;;;;;;;;;;;;;;;
34;17;;;;;;;;;;;;;;;;;;;;;;;;
35;20;;;;;;;;;;;;;;;;;;;;;;;;
36;21;;;;;;;;;;;;;;;;;;;;;;;;
37;22;;;;;;;;;;;;;;;;;;;;;;;;
37;23;;;;;;;;;;;;;;;;;;;;;;;;
38;24;;;;;;;;;;;;;;;;;;;;;;;;
39;23;;;;;;;;;;;;;;;;;;;;;;;;
39;22;;;;;;;;;;;;;;;;;;;;;;;;
40;25;;;;;;;;;;;;;;;;;;;;;;;;
40;26;;;;;;;;;;;;;;;;;;;;;;;;
41;26;;;;;;;;;;;;;;;;;;;;;;;;
41;27;;;;;;;;;;;;;;;;;;;;;;;;
41;28;;;;;;;;;;;;;;;;;;;;;;;;
42;29;;;;;;;;;;;;;;;;;;;;;;;;
42;30;;;;;;;;;;;;;;;;;;;;;;;;
43;31;;;;;;;;;;;;;;;;;;;;;;;;
44;32;;;;;;;;;;;;;;;;;;;;;;;;
45;25;;;;;;;;;;;;;;;;;;;;;;;;
46;33;;;;;;;;;;;;;;;;;;;;;;;;
47;34;;;;;;;;;;;;;;;;;;;;;;;;
48;35;;;;;;;;;;;;;;;;;;;;;;;;
49;25;;;;;;;;;;;;;;;;;;;;;;;;
50;36;;;;;;;;;;;;;;;;;;;;;;;;
51;37;;;;;;;;;;;;;;;;;;;;;;;;
52;37;;;;;;;;;;;;;;;;;;;;;;;;
53;38;;;;;;;;;;;;;;;;;;;;;;;;
54;39;;;;;;;;;;;;;;;;;;;;;;;;
55;28;;;;;;;;;;;;;;;;;;;;;;;;
56;40;;;;;;;;;;;;;;;;;;;;;;;;
57;41;;;;;;;;;;;;;;;;;;;;;;;;
58;42;;;;;;;;;;;;;;;;;;;;;;;;
59;43;;;;;;;;;;;;;;;;;;;;;;;;
60;44;;;;;;;;;;;;;;;;;;;;;;;;
61;45;;;;;;;;;;;;;;;;;;;;;;;;
62;46;;;;;;;;;;;;;;;;;;;;;;;;
63;34;;;;;;;;;;;;;;;;;;;;;;;;
64;47;;;;;;;;;;;;;;;;;;;;;;;;
65;48;;;;;;;;;;;;;;;;;;;;;;;;
66;49;;;;;;;;;;;;;;;;;;;;;;;;
67;49;;;;;;;;;;;;;;;;;;;;;;;;
68;49;;;;;;;;;;;;;;;;;;;;;;;;
69;33;;;;;;;;;;;;;;;;;;;;;;;;
70;33;;;;;;;;;;;;;;;;;;;;;;;;
71;50;;;;;;;;;;;;;;;;;;;;;;;;
72;51;;;;;;;;;;;;;;;;;;;;;;;;
73;52;;;;;;;;;;;;;;;;;;;;;;;;
74;53;;;;;;;;;;;;;;;;;;;;;;;;
75;54;;;;;;;;;;;;;;;;;;;;;;;;
76;55;;;;;;;;;;;;;;;;;;;;;;;;
77;56;;;;;;;;;;;;;;;;;;;;;;;;
78;57;;;;;;;;;;;;;;;;;;;;;;;;
79;58;;;;;;;;;;;;;;;;;;;;;;;;
80;59;;;;;;;;;;;;;;;;;;;;;;;;
80;55;;;;;;;;;;;;;;;;;;;;;;;;
81;60;;;;;;;;;;;;;;;;;;;;;;;;
81;61;;;;;;;;;;;;;;;;;;;;;;;;
82;62;;;;;;;;;;;;;;;;;;;;;;;;
83;63;;;;;;;;;;;;;;;;;;;;;;;;
84;64;;;;;;;;;;;;;;;;;;;;;;;;
85;65;;;;;;;;;;;;;;;;;;;;;;;;
86;23;;;;;;;;;;;;;;;;;;;;;;;;
87;66;;;;;;;;;;;;;;;;;;;;;;;;
88;67;;;;;;;;;;;;;;;;;;;;;;;;
89;68;;;;;;;;;;;;;;;;;;;;;;;;
90;69;;;;;;;;;;;;;;;;;;;;;;;;
91;70;;;;;;;;;;;;;;;;;;;;;;;;
92;71;;;;;;;;;;;;;;;;;;;;;;;;
93;72;;;;;;;;;;;;;;;;;;;;;;;;
94;73;;;;;;;;;;;;;;;;;;;;;;;;
95;74;;;;;;;;;;;;;;;;;;;;;;;;
96;75;;;;;;;;;;;;;;;;;;;;;;;;
97;76;;;;;;;;;;;;;;;;;;;;;;;;
97;77;;;;;;;;;;;;;;;;;;;;;;;;
97;78;;;;;;;;;;;;;;;;;;;;;;;;
98;79;;;;;;;;;;;;;;;;;;;;;;;;
99;80;;;;;;;;;;;;;;;;;;;;;;;;
100;81;;;;;;;;;;;;;;;;;;;;;;;;
101;82;;;;;;;;;;;;;;;;;;;;;;;;
102;83;;;;;;;;;;;;;;;;;;;;;;;;
103;84;;;;;;;;;;;;;;;;;;;;;;;;
104;85;;;;;;;;;;;;;;;;;;;;;;;;
105;86;;;;;;;;;;;;;;;;;;;;;;;;
106;87;;;;;;;;;;;;;;;;;;;;;;;;
107;88;;;;;;;;;;;;;;;;;;;;;;;;
108;89;;;;;;;;;;;;;;;;;;;;;;;;
109;90;;;;;;;;;;;;;;;;;;;;;;;;
110;91;;;;;;;;;;;;;;;;;;;;;;;;
111;92;;;;;;;;;;;;;;;;;;;;;;;;
112;93;;;;;;;;;;;;;;;;;;;;;;;;
113;94;;;;;;;;;;;;;;;;;;;;;;;;
114;95;;;;;;;;;;;;;;;;;;;;;;;;
115;54;;;;;;;;;;;;;;;;;;;;;;;;
116;96;;;;;;;;;;;;;;;;;;;;;;;;
117;97;;;;;;;;;;;;;;;;;;;;;;;;
117;98;;;;;;;;;;;;;;;;;;;;;;;;
117;86;;;;;;;;;;;;;;;;;;;;;;;;
117;99;;;;;;;;;;;;;;;;;;;;;;;;
118;100;;;;;;;;;;;;;;;;;;;;;;;;
118;101;;;;;;;;;;;;;;;;;;;;;;;;
119;102;;;;;;;;;;;;;;;;;;;;;;;;
119;100;;;;;;;;;;;;;;;;;;;;;;;;
120;102;;;;;;;;;;;;;;;;;;;;;;;;
120;92;;;;;;;;;;;;;;;;;;;;;;;;
121;103;;;;;;;;;;;;;;;;;;;;;;;;
121;23;;;;;;;;;;;;;;;;;;;;;;;;
121;104;;;;;;;;;;;;;;;;;;;;;;;;
122;59;;;;;;;;;;;;;;;;;;;;;;;;
123;105;;;;;;;;;;;;;;;;;;;;;;;;
124;105;;;;;;;;;;;;;;;;;;;;;;;;
125;105;;;;;;;;;;;;;;;;;;;;;;;;
126;106;;;;;;;;;;;;;;;;;;;;;;;;
127;59;;;;;;;;;;;;;;;;;;;;;;;;
128;107;;;;;;;;;;;;;;;;;;;;;;;;
129;108;;;;;;;;;;;;;;;;;;;;;;;;
130;109;;;;;;;;;;;;;;;;;;;;;;;;
131;110;;;;;;;;;;;;;;;;;;;;;;;;
132;110;;;;;;;;;;;;;;;;;;;;;;;;
133;111;;;;;;;;;;;;;;;;;;;;;;;;
134;112;;;;;;;;;;;;;;;;;;;;;;;;
135;113;;;;;;;;;;;;;;;;;;;;;;;;
136;114;;;;;;;;;;;;;;;;;;;;;;;;
137;115;;;;;;;;;;;;;;;;;;;;;;;;
138;116;;;;;;;;;;;;;;;;;;;;;;;;
139;117;;;;;;;;;;;;;;;;;;;;;;;;
140;117;;;;;;;;;;;;;;;;;;;;;;;;
141;118;;;;;;;;;;;;;;;;;;;;;;;;
142;74;;;;;;;;;;;;;;;;;;;;;;;;
143;86;;;;;;;;;;;;;;;;;;;;;;;;
144;119;;;;;;;;;;;;;;;;;;;;;;;;
145;100;;;;;;;;;;;;;;;;;;;;;;;;
146;77;;;;;;;;;;;;;;;;;;;;;;;;
146;120;;;;;;;;;;;;;;;;;;;;;;;;
147;116;;;;;;;;;;;;;;;;;;;;;;;;
147;59;;;;;;;;;;;;;;;;;;;;;;;;
148;121;;;;;;;;;;;;;;;;;;;;;;;;
149;121;;;;;;;;;;;;;;;;;;;;;;;;
150;99;;;;;;;;;;;;;;;;;;;;;;;;
151;77;;;;;;;;;;;;;;;;;;;;;;;;
151;120;;;;;;;;;;;;;;;;;;;;;;;;
152;116;;;;;;;;;;;;;;;;;;;;;;;;
153;122;;;;;;;;;;;;;;;;;;;;;;;;
154;123;;;;;;;;;;;;;;;;;;;;;;;;
154;124;;;;;;;;;;;;;;;;;;;;;;;;
155;125;;;;;;;;;;;;;;;;;;;;;;;;
155;124;;;;;;;;;;;;;;;;;;;;;;;;
156;126;;;;;;;;;;;;;;;;;;;;;;;;
156;58;;;;;;;;;;;;;;;;;;;;;;;;
157;127;;;;;;;;;;;;;;;;;;;;;;;;
157;58;;;;;;;;;;;;;;;;;;;;;;;;
158;128;;;;;;;;;;;;;;;;;;;;;;;;
159;129;;;;;;;;;;;;;;;;;;;;;;;;
159;124;;;;;;;;;;;;;;;;;;;;;;;;
160;129;;;;;;;;;;;;;;;;;;;;;;;;
160;124;;;;;;;;;;;;;;;;;;;;;;;;
161;129;;;;;;;;;;;;;;;;;;;;;;;;
161;124;;;;;;;;;;;;;;;;;;;;;;;;
162;129;;;;;;;;;;;;;;;;;;;;;;;;
162;124;;;;;;;;;;;;;;;;;;;;;;;;
163;124;;;;;;;;;;;;;;;;;;;;;;;;
164;130;;;;;;;;;;;;;;;;;;;;;;;;
164;131;;;;;;;;;;;;;;;;;;;;;;;;
165;132;;;;;;;;;;;;;;;;;;;;;;;;
165;133;;;;;;;;;;;;;;;;;;;;;;;;
166;134;;;;;;;;;;;;;;;;;;;;;;;;
167;134;;;;;;;;;;;;;;;;;;;;;;;;
168;134;;;;;;;;;;;;;;;;;;;;;;;;
169;134;;;;;;;;;;;;;;;;;;;;;;;;
170;134;;;;;;;;;;;;;;;;;;;;;;;;
171;135;;;;;;;;;;;;;;;;;;;;;;;;
172;135;;;;;;;;;;;;;;;;;;;;;;;;
173;136;;;;;;;;;;;;;;;;;;;;;;;;
174;59;;;;;;;;;;;;;;;;;;;;;;;;
175;59;;;;;;;;;;;;;;;;;;;;;;;;
175;55;;;;;;;;;;;;;;;;;;;;;;;;
176;116;;;;;;;;;;;;;;;;;;;;;;;;
177;116;;;;;;;;;;;;;;;;;;;;;;;;
178;116;;;;;;;;;;;;;;;;;;;;;;;;
179;116;;;;;;;;;;;;;;;;;;;;;;;;
180;137;;;;;;;;;;;;;;;;;;;;;;;;
181;138;;;;;;;;;;;;;;;;;;;;;;;;
182;139;;;;;;;;;;;;;;;;;;;;;;;;
183;140;;;;;;;;;;;;;;;;;;;;;;;;
184;140;;;;;;;;;;;;;;;;;;;;;;;;
184;141;;;;;;;;;;;;;;;;;;;;;;;;
185;39;;;;;;;;;;;;;;;;;;;;;;;;
186;142;;;;;;;;;;;;;;;;;;;;;;;;
187;143;;;;;;;;;;;;;;;;;;;;;;;;
188;144;;;;;;;;;;;;;;;;;;;;;;;;
189;137;;;;;;;;;;;;;;;;;;;;;;;;
190;145;;;;;;;;;;;;;;;;;;;;;;;;
191;0;;;;;;;;;;;;;;;;;;;;;;;;
192;0;;;;;;;;;;;;;;;;;;;;;;;;
193;0;;;;;;;;;;;;;;;;;;;;;;;;
194;0;;;;;;;;;;;;;;;;;;;;;;;;
195;0;;;;;;;;;;;;;;;;;;;;;;;;
196;0;;;;;;;;;;;;;;;;;;;;;;;;
197;0;;;;;;;;;;;;;;;;;;;;;;;;
198;0;;;;;;;;;;;;;;;;;;;;;;;;
199;0;;;;;;;;;;;;;;;;;;;;;;;;
200;0;;;;;;;;;;;;;;;;;;;;;;;;
201;0;;;;;;;;;;;;;;;;;;;;;;;;
202;0;;;;;;;;;;;;;;;;;;;;;;;;
203;146;;;;;;;;;;;;;;;;;;;;;;;;
204;147;;;;;;;;;;;;;;;;;;;;;;;;
204;148;;;;;;;;;;;;;;;;;;;;;;;;
204;149;;;;;;;;;;;;;;;;;;;;;;;;
205;149;;;;;;;;;;;;;;;;;;;;;;;;
205;147;;;;;;;;;;;;;;;;;;;;;;;;
205;150;;;;;;;;;;;;;;;;;;;;;;;;
205;151;;;;;;;;;;;;;;;;;;;;;;;;
205;152;;;;;;;;;;;;;;;;;;;;;;;;
206;149;;;;;;;;;;;;;;;;;;;;;;;;
207;150;;;;;;;;;;;;;;;;;;;;;;;;
207;149;;;;;;;;;;;;;;;;;;;;;;;;
208;153;;;;;;;;;;;;;;;;;;;;;;;;
209;154;;;;;;;;;;;;;;;;;;;;;;;;
210;155;;;;;;;;;;;;;;;;;;;;;;;;
211;153;;;;;;;;;;;;;;;;;;;;;;;;
212;156;;;;;;;;;;;;;;;;;;;;;;;;
213;157;;;;;;;;;;;;;;;;;;;;;;;;
214;158;;;;;;;;;;;;;;;;;;;;;;;;
215;158;;;;;;;;;;;;;;;;;;;;;;;;
216;158;;;;;;;;;;;;;;;;;;;;;;;;
217;158;;;;;;;;;;;;;;;;;;;;;;;;
218;158;;;;;;;;;;;;;;;;;;;;;;;;
219;158;;;;;;;;;;;;;;;;;;;;;;;;
220;159;;;;;;;;;;;;;;;;;;;;;;;;
221;159;;;;;;;;;;;;;;;;;;;;;;;;
222;46;;;;;;;;;;;;;;;;;;;;;;;;
223;43;;;;;;;;;;;;;;;;;;;;;;;;
224;27;;;;;;;;;;;;;;;;;;;;;;;;
225;27;;;;;;;;;;;;;;;;;;;;;;;;
226;27;;;;;;;;;;;;;;;;;;;;;;;;
227;160;;;;;;;;;;;;;;;;;;;;;;;;
228;161;;;;;;;;;;;;;;;;;;;;;;;;
229;46;;;;;;;;;;;;;;;;;;;;;;;;
230;43;;;;;;;;;;;;;;;;;;;;;;;;
230;34;;;;;;;;;;;;;;;;;;;;;;;;
231;162;;;;;;;;;;;;;;;;;;;;;;;;
232;163;;;;;;;;;;;;;;;;;;;;;;;;
233;164;;;;;;;;;;;;;;;;;;;;;;;;
233;165;;;;;;;;;;;;;;;;;;;;;;;;
234;166;;;;;;;;;;;;;;;;;;;;;;;;
234;167;;;;;;;;;;;;;;;;;;;;;;;;
234;168;;;;;;;;;;;;;;;;;;;;;;;;
234;169;;;;;;;;;;;;;;;;;;;;;;;;
235;166;;;;;;;;;;;;;;;;;;;;;;;;
235;167;;;;;;;;;;;;;;;;;;;;;;;;
235;168;;;;;;;;;;;;;;;;;;;;;;;;
235;169;;;;;;;;;;;;;;;;;;;;;;;;
236;170;;;;;;;;;;;;;;;;;;;;;;;;
237;171;;;;;;;;;;;;;;;;;;;;;;;;
238;172;;;;;;;;;;;;;;;;;;;;;;;;
239;173;;;;;;;;;;;;;;;;;;;;;;;;
240;174;;;;;;;;;;;;;;;;;;;;;;;;
240;175;;;;;;;;;;;;;;;;;;;;;;;;
240;176;;;;;;;;;;;;;;;;;;;;;;;;
241;105;;;;;;;;;;;;;;;;;;;;;;;;
242;177;;;;;;;;;;;;;;;;;;;;;;;;
243;171;;;;;;;;;;;;;;;;;;;;;;;;
244;178;;;;;;;;;;;;;;;;;;;;;;;;
245;171;;;;;;;;;;;;;;;;;;;;;;;;
245;179;;;;;;;;;;;;;;;;;;;;;;;;
245;180;;;;;;;;;;;;;;;;;;;;;;;;
246;181;;;;;;;;;;;;;;;;;;;;;;;;
247;181;;;;;;;;;;;;;;;;;;;;;;;;
248;181;;;;;;;;;;;;;;;;;;;;;;;;
249;182;;;;;;;;;;;;;;;;;;;;;;;;
250;183;;;;;;;;;;;;;;;;;;;;;;;;
251;184;;;;;;;;;;;;;;;;;;;;;;;;
252;185;;;;;;;;;;;;;;;;;;;;;;;;
252;186;;;;;;;;;;;;;;;;;;;;;;;;
252;187;;;;;;;;;;;;;;;;;;;;;;;;
253;185;;;;;;;;;;;;;;;;;;;;;;;;
253;186;;;;;;;;;;;;;;;;;;;;;;;;
253;187;;;;;;;;;;;;;;;;;;;;;;;;
254;188;;;;;;;;;;;;;;;;;;;;;;;;
255;189;;;;;;;;;;;;;;;;;;;;;;;;
255;171;;;;;;;;;;;;;;;;;;;;;;;;
256;190;;;;;;;;;;;;;;;;;;;;;;;;
257;14;;;;;;;;;;;;;;;;;;;;;;;;
258;105;;;;;;;;;;;;;;;;;;;;;;;;
258;190;;;;;;;;;;;;;;;;;;;;;;;;
259;14;;;;;;;;;;;;;;;;;;;;;;;;
259;105;;;;;;;;;;;;;;;;;;;;;;;;
260;14;;;;;;;;;;;;;;;;;;;;;;;;
260;105;;;;;;;;;;;;;;;;;;;;;;;;
261;191;;;;;;;;;;;;;;;;;;;;;;;;
261;105;;;;;;;;;;;;;;;;;;;;;;;;
262;171;;;;;;;;;;;;;;;;;;;;;;;;
263;14;;;;;;;;;;;;;;;;;;;;;;;;
263;171;;;;;;;;;;;;;;;;;;;;;;;;
263;192;;;;;;;;;;;;;;;;;;;;;;;;
264;171;;;;;;;;;;;;;;;;;;;;;;;;
265;181;;;;;;;;;;;;;;;;;;;;;;;;
265;105;;;;;;;;;;;;;;;;;;;;;;;;
266;181;;;;;;;;;;;;;;;;;;;;;;;;
267;193;;;;;;;;;;;;;;;;;;;;;;;;
268;194;;;;;;;;;;;;;;;;;;;;;;;;
269;195;;;;;;;;;;;;;;;;;;;;;;;;
270;79;;;;;;;;;;;;;;;;;;;;;;;;
270;195;;;;;;;;;;;;;;;;;;;;;;;;
271;196;;;;;;;;;;;;;;;;;;;;;;;;
271;197;;;;;;;;;;;;;;;;;;;;;;;;
271;198;;;;;;;;;;;;;;;;;;;;;;;;
272;194;;;;;;;;;;;;;;;;;;;;;;;;
273;194;;;;;;;;;;;;;;;;;;;;;;;;
274;199;;;;;;;;;;;;;;;;;;;;;;;;
275;200;;;;;;;;;;;;;;;;;;;;;;;;
276;201;;;;;;;;;;;;;;;;;;;;;;;;
277;202;;;;;;;;;;;;;;;;;;;;;;;;
278;202;;;;;;;;;;;;;;;;;;;;;;;;
279;203;;;;;;;;;;;;;;;;;;;;;;;;
280;204;;;;;;;;;;;;;;;;;;;;;;;;
280;205;;;;;;;;;;;;;;;;;;;;;;;;
281;203;;;;;;;;;;;;;;;;;;;;;;;;
282;203;;;;;;;;;;;;;;;;;;;;;;;;
283;206;;;;;;;;;;;;;;;;;;;;;;;;
284;207;;;;;;;;;;;;;;;;;;;;;;;;
285;208;;;;;;;;;;;;;;;;;;;;;;;;
286;208;;;;;;;;;;;;;;;;;;;;;;;;
287;208;;;;;;;;;;;;;;;;;;;;;;;;
288;209;;;;;;;;;;;;;;;;;;;;;;;;
289;210;;;;;;;;;;;;;;;;;;;;;;;;
290;41;;;;;;;;;;;;;;;;;;;;;;;;
290;211;;;;;;;;;;;;;;;;;;;;;;;;
290;212;;;;;;;;;;;;;;;;;;;;;;;;
290;213;;;;;;;;;;;;;;;;;;;;;;;;
290;214;;;;;;;;;;;;;;;;;;;;;;;;
290;36;;;;;;;;;;;;;;;;;;;;;;;;
290;215;;;;;;;;;;;;;;;;;;;;;;;;
290;216;;;;;;;;;;;;;;;;;;;;;;;;
290;217;;;;;;;;;;;;;;;;;;;;;;;;
290;218;;;;;;;;;;;;;;;;;;;;;;;;
290;219;;;;;;;;;;;;;;;;;;;;;;;;
290;220;;;;;;;;;;;;;;;;;;;;;;;;
290;221;;;;;;;;;;;;;;;;;;;;;;;;
290;45;;;;;;;;;;;;;;;;;;;;;;;;
290;222;;;;;;;;;;;;;;;;;;;;;;;;
290;223;;;;;;;;;;;;;;;;;;;;;;;;
290;224;;;;;;;;;;;;;;;;;;;;;;;;
290;225;;;;;;;;;;;;;;;;;;;;;;;;
290;226;;;;;;;;;;;;;;;;;;;;;;;;
290;227;;;;;;;;;;;;;;;;;;;;;;;;
290;228;;;;;;;;;;;;;;;;;;;;;;;;
290;229;;;;;;;;;;;;;;;;;;;;;;;;
290;230;;;;;;;;;;;;;;;;;;;;;;;;
290;231;;;;;;;;;;;;;;;;;;;;;;;;
290;232;;;;;;;;;;;;;;;;;;;;;;;;
290;233;;;;;;;;;;;;;;;;;;;;;;;;
290;234;;;;;;;;;;;;;;;;;;;;;;;;
291;41;;;;;;;;;;;;;;;;;;;;;;;;
291;211;;;;;;;;;;;;;;;;;;;;;;;;
291;235;;;;;;;;;;;;;;;;;;;;;;;;
291;213;;;;;;;;;;;;;;;;;;;;;;;;
291;217;;;;;;;;;;;;;;;;;;;;;;;;
291;219;;;;;;;;;;;;;;;;;;;;;;;;
291;221;;;;;;;;;;;;;;;;;;;;;;;;
291;45;;;;;;;;;;;;;;;;;;;;;;;;
291;222;;;;;;;;;;;;;;;;;;;;;;;;
291;223;;;;;;;;;;;;;;;;;;;;;;;;
291;224;;;;;;;;;;;;;;;;;;;;;;;;
291;228;;;;;;;;;;;;;;;;;;;;;;;;
291;229;;;;;;;;;;;;;;;;;;;;;;;;
291;230;;;;;;;;;;;;;;;;;;;;;;;;
292;211;;;;;;;;;;;;;;;;;;;;;;;;
292;215;;;;;;;;;;;;;;;;;;;;;;;;
292;236;;;;;;;;;;;;;;;;;;;;;;;;
292;220;;;;;;;;;;;;;;;;;;;;;;;;
292;225;;;;;;;;;;;;;;;;;;;;;;;;
292;226;;;;;;;;;;;;;;;;;;;;;;;;
292;227;;;;;;;;;;;;;;;;;;;;;;;;
292;230;;;;;;;;;;;;;;;;;;;;;;;;
292;231;;;;;;;;;;;;;;;;;;;;;;;;
292;232;;;;;;;;;;;;;;;;;;;;;;;;
292;233;;;;;;;;;;;;;;;;;;;;;;;;
292;234;;;;;;;;;;;;;;;;;;;;;;;;
293;41;;;;;;;;;;;;;;;;;;;;;;;;
293;218;;;;;;;;;;;;;;;;;;;;;;;;
293;220;;;;;;;;;;;;;;;;;;;;;;;;
293;45;;;;;;;;;;;;;;;;;;;;;;;;
293;227;;;;;;;;;;;;;;;;;;;;;;;;
293;232;;;;;;;;;;;;;;;;;;;;;;;;
293;211;;;;;;;;;;;;;;;;;;;;;;;;
293;215;;;;;;;;;;;;;;;;;;;;;;;;
293;225;;;;;;;;;;;;;;;;;;;;;;;;
293;234;;;;;;;;;;;;;;;;;;;;;;;;
294;237;;;;;;;;;;;;;;;;;;;;;;;;
294;238;;;;;;;;;;;;;;;;;;;;;;;;
295;30;;;;;;;;;;;;;;;;;;;;;;;;
296;30;;;;;;;;;;;;;;;;;;;;;;;;
297;541;;;;;;;;;;;;;;;;;;;;;;;;
298;41;;;;;;;;;;;;;;;;;;;;;;;;
299;30;;;;;;;;;;;;;;;;;;;;;;;;
300;239;;;;;;;;;;;;;;;;;;;;;;;;
301;240;;;;;;;;;;;;;;;;;;;;;;;;
302;241;;;;;;;;;;;;;;;;;;;;;;;;
303;48;;;;;;;;;;;;;;;;;;;;;;;;
304;242;;;;;;;;;;;;;;;;;;;;;;;;
305;243;;;;;;;;;;;;;;;;;;;;;;;;
306;33;;;;;;;;;;;;;;;;;;;;;;;;
307;239;;;;;;;;;;;;;;;;;;;;;;;;
308;224;;;;;;;;;;;;;;;;;;;;;;;;
308;244;;;;;;;;;;;;;;;;;;;;;;;;
309;245;;;;;;;;;;;;;;;;;;;;;;;;
309;246;;;;;;;;;;;;;;;;;;;;;;;;
309;213;;;;;;;;;;;;;;;;;;;;;;;;
310;232;;;;;;;;;;;;;;;;;;;;;;;;
310;247;;;;;;;;;;;;;;;;;;;;;;;;
310;142;;;;;;;;;;;;;;;;;;;;;;;;
310;34;;;;;;;;;;;;;;;;;;;;;;;;
311;230;;;;;;;;;;;;;;;;;;;;;;;;
311;248;;;;;;;;;;;;;;;;;;;;;;;;
311;37;;;;;;;;;;;;;;;;;;;;;;;;
311;232;;;;;;;;;;;;;;;;;;;;;;;;
311;224;;;;;;;;;;;;;;;;;;;;;;;;
311;247;;;;;;;;;;;;;;;;;;;;;;;;
311;245;;;;;;;;;;;;;;;;;;;;;;;;
311;249;;;;;;;;;;;;;;;;;;;;;;;;
311;142;;;;;;;;;;;;;;;;;;;;;;;;
311;250;;;;;;;;;;;;;;;;;;;;;;;;
311;216;;;;;;;;;;;;;;;;;;;;;;;;
311;34;;;;;;;;;;;;;;;;;;;;;;;;
311;213;;;;;;;;;;;;;;;;;;;;;;;;
311;219;;;;;;;;;;;;;;;;;;;;;;;;
311;251;;;;;;;;;;;;;;;;;;;;;;;;
311;252;;;;;;;;;;;;;;;;;;;;;;;;
311;253;;;;;;;;;;;;;;;;;;;;;;;;
312;142;;;;;;;;;;;;;;;;;;;;;;;;
313;254;;;;;;;;;;;;;;;;;;;;;;;;
314;254;;;;;;;;;;;;;;;;;;;;;;;;
315;37;;;;;;;;;;;;;;;;;;;;;;;;
316;37;;;;;;;;;;;;;;;;;;;;;;;;
317;216;;;;;;;;;;;;;;;;;;;;;;;;
318;250;;;;;;;;;;;;;;;;;;;;;;;;
319;255;;;;;;;;;;;;;;;;;;;;;;;;
320;250;;;;;;;;;;;;;;;;;;;;;;;;
321;248;;;;;;;;;;;;;;;;;;;;;;;;
321;36;;;;;;;;;;;;;;;;;;;;;;;;
321;256;;;;;;;;;;;;;;;;;;;;;;;;
321;232;;;;;;;;;;;;;;;;;;;;;;;;
321;224;;;;;;;;;;;;;;;;;;;;;;;;
321;245;;;;;;;;;;;;;;;;;;;;;;;;
321;244;;;;;;;;;;;;;;;;;;;;;;;;
321;219;;;;;;;;;;;;;;;;;;;;;;;;
321;251;;;;;;;;;;;;;;;;;;;;;;;;
321;252;;;;;;;;;;;;;;;;;;;;;;;;
321;145;;;;;;;;;;;;;;;;;;;;;;;;
321;253;;;;;;;;;;;;;;;;;;;;;;;;
322;230;;;;;;;;;;;;;;;;;;;;;;;;
322;247;;;;;;;;;;;;;;;;;;;;;;;;
322;257;;;;;;;;;;;;;;;;;;;;;;;;
322;250;;;;;;;;;;;;;;;;;;;;;;;;
322;216;;;;;;;;;;;;;;;;;;;;;;;;
322;34;;;;;;;;;;;;;;;;;;;;;;;;
322;213;;;;;;;;;;;;;;;;;;;;;;;;
322;30;;;;;;;;;;;;;;;;;;;;;;;;
323;230;;;;;;;;;;;;;;;;;;;;;;;;
323;248;;;;;;;;;;;;;;;;;;;;;;;;
323;37;;;;;;;;;;;;;;;;;;;;;;;;
323;232;;;;;;;;;;;;;;;;;;;;;;;;
323;224;;;;;;;;;;;;;;;;;;;;;;;;
323;247;;;;;;;;;;;;;;;;;;;;;;;;
323;245;;;;;;;;;;;;;;;;;;;;;;;;
323;249;;;;;;;;;;;;;;;;;;;;;;;;
323;142;;;;;;;;;;;;;;;;;;;;;;;;
323;250;;;;;;;;;;;;;;;;;;;;;;;;
323;216;;;;;;;;;;;;;;;;;;;;;;;;
323;34;;;;;;;;;;;;;;;;;;;;;;;;
323;213;;;;;;;;;;;;;;;;;;;;;;;;
323;219;;;;;;;;;;;;;;;;;;;;;;;;
323;251;;;;;;;;;;;;;;;;;;;;;;;;
323;252;;;;;;;;;;;;;;;;;;;;;;;;
323;253;;;;;;;;;;;;;;;;;;;;;;;;
324;36;;;;;;;;;;;;;;;;;;;;;;;;
324;224;;;;;;;;;;;;;;;;;;;;;;;;
324;245;;;;;;;;;;;;;;;;;;;;;;;;
324;249;;;;;;;;;;;;;;;;;;;;;;;;
324;257;;;;;;;;;;;;;;;;;;;;;;;;
324;246;;;;;;;;;;;;;;;;;;;;;;;;
324;213;;;;;;;;;;;;;;;;;;;;;;;;
324;244;;;;;;;;;;;;;;;;;;;;;;;;
325;258;;;;;;;;;;;;;;;;;;;;;;;;
326;34;;;;;;;;;;;;;;;;;;;;;;;;
327;256;;;;;;;;;;;;;;;;;;;;;;;;
328;230;;;;;;;;;;;;;;;;;;;;;;;;
329;248;;;;;;;;;;;;;;;;;;;;;;;;
330;36;;;;;;;;;;;;;;;;;;;;;;;;
331;256;;;;;;;;;;;;;;;;;;;;;;;;
332;37;;;;;;;;;;;;;;;;;;;;;;;;
333;259;;;;;;;;;;;;;;;;;;;;;;;;
334;232;;;;;;;;;;;;;;;;;;;;;;;;
335;255;;;;;;;;;;;;;;;;;;;;;;;;
336;224;;;;;;;;;;;;;;;;;;;;;;;;
337;247;;;;;;;;;;;;;;;;;;;;;;;;
338;245;;;;;;;;;;;;;;;;;;;;;;;;
339;249;;;;;;;;;;;;;;;;;;;;;;;;
339;257;;;;;;;;;;;;;;;;;;;;;;;;
340;142;;;;;;;;;;;;;;;;;;;;;;;;
341;34;;;;;;;;;;;;;;;;;;;;;;;;
342;250;;;;;;;;;;;;;;;;;;;;;;;;
343;251;;;;;;;;;;;;;;;;;;;;;;;;
344;122;;;;;;;;;;;;;;;;;;;;;;;;
345;248;;;;;;;;;;;;;;;;;;;;;;;;
346;34;;;;;;;;;;;;;;;;;;;;;;;;
347;34;;;;;;;;;;;;;;;;;;;;;;;;
347;37;;;;;;;;;;;;;;;;;;;;;;;;
348;232;;;;;;;;;;;;;;;;;;;;;;;;
348;253;;;;;;;;;;;;;;;;;;;;;;;;
349;142;;;;;;;;;;;;;;;;;;;;;;;;
349;34;;;;;;;;;;;;;;;;;;;;;;;;
349;260;;;;;;;;;;;;;;;;;;;;;;;;
349;261;;;;;;;;;;;;;;;;;;;;;;;;
349;40;;;;;;;;;;;;;;;;;;;;;;;;
349;262;;;;;;;;;;;;;;;;;;;;;;;;
350;42;;;;;;;;;;;;;;;;;;;;;;;;
350;142;;;;;;;;;;;;;;;;;;;;;;;;
350;263;;;;;;;;;;;;;;;;;;;;;;;;
350;34;;;;;;;;;;;;;;;;;;;;;;;;
350;264;;;;;;;;;;;;;;;;;;;;;;;;
350;265;;;;;;;;;;;;;;;;;;;;;;;;
350;266;;;;;;;;;;;;;;;;;;;;;;;;
350;267;;;;;;;;;;;;;;;;;;;;;;;;
350;268;;;;;;;;;;;;;;;;;;;;;;;;
350;269;;;;;;;;;;;;;;;;;;;;;;;;
351;266;;;;;;;;;;;;;;;;;;;;;;;;
351;270;;;;;;;;;;;;;;;;;;;;;;;;
352;28;;;;;;;;;;;;;;;;;;;;;;;;
353;271;;;;;;;;;;;;;;;;;;;;;;;;
354;30;;;;;;;;;;;;;;;;;;;;;;;;
355;265;;;;;;;;;;;;;;;;;;;;;;;;
355;34;;;;;;;;;;;;;;;;;;;;;;;;
356;42;;;;;;;;;;;;;;;;;;;;;;;;
357;272;;;;;;;;;;;;;;;;;;;;;;;;
358;138;;;;;;;;;;;;;;;;;;;;;;;;
358;273;;;;;;;;;;;;;;;;;;;;;;;;
359;274;;;;;;;;;;;;;;;;;;;;;;;;
360;275;;;;;;;;;;;;;;;;;;;;;;;;
361;142;;;;;;;;;;;;;;;;;;;;;;;;
362;276;;;;;;;;;;;;;;;;;;;;;;;;
362;277;;;;;;;;;;;;;;;;;;;;;;;;
363;276;;;;;;;;;;;;;;;;;;;;;;;;
363;277;;;;;;;;;;;;;;;;;;;;;;;;
364;278;;;;;;;;;;;;;;;;;;;;;;;;
365;279;;;;;;;;;;;;;;;;;;;;;;;;
365;278;;;;;;;;;;;;;;;;;;;;;;;;
365;280;;;;;;;;;;;;;;;;;;;;;;;;
365;281;;;;;;;;;;;;;;;;;;;;;;;;
366;282;;;;;;;;;;;;;;;;;;;;;;;;
367;265;;;;;;;;;;;;;;;;;;;;;;;;
368;34;;;;;;;;;;;;;;;;;;;;;;;;
368;266;;;;;;;;;;;;;;;;;;;;;;;;
369;283;;;;;;;;;;;;;;;;;;;;;;;;
370;284;;;;;;;;;;;;;;;;;;;;;;;;
371;284;;;;;;;;;;;;;;;;;;;;;;;;
372;285;;;;;;;;;;;;;;;;;;;;;;;;
373;286;;;;;;;;;;;;;;;;;;;;;;;;
374;287;;;;;;;;;;;;;;;;;;;;;;;;
374;288;;;;;;;;;;;;;;;;;;;;;;;;
375;289;;;;;;;;;;;;;;;;;;;;;;;;
376;286;;;;;;;;;;;;;;;;;;;;;;;;
377;290;;;;;;;;;;;;;;;;;;;;;;;;
378;291;;;;;;;;;;;;;;;;;;;;;;;;
379;289;;;;;;;;;;;;;;;;;;;;;;;;
380;290;;;;;;;;;;;;;;;;;;;;;;;;
381;290;;;;;;;;;;;;;;;;;;;;;;;;
382;285;;;;;;;;;;;;;;;;;;;;;;;;
383;292;;;;;;;;;;;;;;;;;;;;;;;;
384;293;;;;;;;;;;;;;;;;;;;;;;;;
385;294;;;;;;;;;;;;;;;;;;;;;;;;
386;295;;;;;;;;;;;;;;;;;;;;;;;;
387;296;;;;;;;;;;;;;;;;;;;;;;;;
388;297;;;;;;;;;;;;;;;;;;;;;;;;
388;298;;;;;;;;;;;;;;;;;;;;;;;;
389;299;;;;;;;;;;;;;;;;;;;;;;;;
390;300;;;;;;;;;;;;;;;;;;;;;;;;
391;27;;;;;;;;;;;;;;;;;;;;;;;;
392;301;;;;;;;;;;;;;;;;;;;;;;;;
392;302;;;;;;;;;;;;;;;;;;;;;;;;
392;303;;;;;;;;;;;;;;;;;;;;;;;;
392;304;;;;;;;;;;;;;;;;;;;;;;;;
392;305;;;;;;;;;;;;;;;;;;;;;;;;
392;263;;;;;;;;;;;;;;;;;;;;;;;;
392;306;;;;;;;;;;;;;;;;;;;;;;;;
393;232;;;;;;;;;;;;;;;;;;;;;;;;
393;285;;;;;;;;;;;;;;;;;;;;;;;;
393;300;;;;;;;;;;;;;;;;;;;;;;;;
393;297;;;;;;;;;;;;;;;;;;;;;;;;
393;298;;;;;;;;;;;;;;;;;;;;;;;;
393;307;;;;;;;;;;;;;;;;;;;;;;;;
393;308;;;;;;;;;;;;;;;;;;;;;;;;
393;289;;;;;;;;;;;;;;;;;;;;;;;;
394;301;;;;;;;;;;;;;;;;;;;;;;;;
394;309;;;;;;;;;;;;;;;;;;;;;;;;
394;310;;;;;;;;;;;;;;;;;;;;;;;;
394;291;;;;;;;;;;;;;;;;;;;;;;;;
394;311;;;;;;;;;;;;;;;;;;;;;;;;
394;299;;;;;;;;;;;;;;;;;;;;;;;;
394;312;;;;;;;;;;;;;;;;;;;;;;;;
395;285;;;;;;;;;;;;;;;;;;;;;;;;
395;313;;;;;;;;;;;;;;;;;;;;;;;;
395;250;;;;;;;;;;;;;;;;;;;;;;;;
395;314;;;;;;;;;;;;;;;;;;;;;;;;
395;315;;;;;;;;;;;;;;;;;;;;;;;;
396;33;;;;;;;;;;;;;;;;;;;;;;;;
397;316;;;;;;;;;;;;;;;;;;;;;;;;
398;35;;;;;;;;;;;;;;;;;;;;;;;;
399;25;;;;;;;;;;;;;;;;;;;;;;;;
400;41;;;;;;;;;;;;;;;;;;;;;;;;
401;39;;;;;;;;;;;;;;;;;;;;;;;;
402;26;;;;;;;;;;;;;;;;;;;;;;;;
403;28;;;;;;;;;;;;;;;;;;;;;;;;
404;42;;;;;;;;;;;;;;;;;;;;;;;;
405;40;;;;;;;;;;;;;;;;;;;;;;;;
406;34;;;;;;;;;;;;;;;;;;;;;;;;
407;26;;;;;;;;;;;;;;;;;;;;;;;;
407;25;;;;;;;;;;;;;;;;;;;;;;;;
408;37;;;;;;;;;;;;;;;;;;;;;;;;
409;37;;;;;;;;;;;;;;;;;;;;;;;;
410;39;;;;;;;;;;;;;;;;;;;;;;;;
411;38;;;;;;;;;;;;;;;;;;;;;;;;
412;317;;;;;;;;;;;;;;;;;;;;;;;;
413;33;;;;;;;;;;;;;;;;;;;;;;;;
414;35;;;;;;;;;;;;;;;;;;;;;;;;
415;36;;;;;;;;;;;;;;;;;;;;;;;;
416;28;;;;;;;;;;;;;;;;;;;;;;;;
417;42;;;;;;;;;;;;;;;;;;;;;;;;
418;43;;;;;;;;;;;;;;;;;;;;;;;;
419;318;;;;;;;;;;;;;;;;;;;;;;;;
420;319;;;;;;;;;;;;;;;;;;;;;;;;
421;320;;;;;;;;;;;;;;;;;;;;;;;;
422;321;;;;;;;;;;;;;;;;;;;;;;;;
422;322;;;;;;;;;;;;;;;;;;;;;;;;
422;323;;;;;;;;;;;;;;;;;;;;;;;;
422;324;;;;;;;;;;;;;;;;;;;;;;;;
422;325;;;;;;;;;;;;;;;;;;;;;;;;
423;321;;;;;;;;;;;;;;;;;;;;;;;;
424;325;;;;;;;;;;;;;;;;;;;;;;;;
424;326;;;;;;;;;;;;;;;;;;;;;;;;
424;327;;;;;;;;;;;;;;;;;;;;;;;;
425;328;;;;;;;;;;;;;;;;;;;;;;;;
426;329;;;;;;;;;;;;;;;;;;;;;;;;
427;330;;;;;;;;;;;;;;;;;;;;;;;;
428;331;;;;;;;;;;;;;;;;;;;;;;;;
429;323;;;;;;;;;;;;;;;;;;;;;;;;
430;332;;;;;;;;;;;;;;;;;;;;;;;;
431;320;;;;;;;;;;;;;;;;;;;;;;;;
432;323;;;;;;;;;;;;;;;;;;;;;;;;
432;329;;;;;;;;;;;;;;;;;;;;;;;;
432;333;;;;;;;;;;;;;;;;;;;;;;;;
432;334;;;;;;;;;;;;;;;;;;;;;;;;
432;320;;;;;;;;;;;;;;;;;;;;;;;;
432;335;;;;;;;;;;;;;;;;;;;;;;;;
433;329;;;;;;;;;;;;;;;;;;;;;;;;
434;271;;;;;;;;;;;;;;;;;;;;;;;;
435;27;;;;;;;;;;;;;;;;;;;;;;;;
436;336;;;;;;;;;;;;;;;;;;;;;;;;
437;217;;;;;;;;;;;;;;;;;;;;;;;;
438;250;;;;;;;;;;;;;;;;;;;;;;;;
439;285;;;;;;;;;;;;;;;;;;;;;;;;
440;28;;;;;;;;;;;;;;;;;;;;;;;;
441;337;;;;;;;;;;;;;;;;;;;;;;;;
442;338;;;;;;;;;;;;;;;;;;;;;;;;
443;217;;;;;;;;;;;;;;;;;;;;;;;;
444;27;;;;;;;;;;;;;;;;;;;;;;;;
445;49;;;;;;;;;;;;;;;;;;;;;;;;
446;339;;;;;;;;;;;;;;;;;;;;;;;;
447;232;;;;;;;;;;;;;;;;;;;;;;;;
448;34;;;;;;;;;;;;;;;;;;;;;;;;
449;340;;;;;;;;;;;;;;;;;;;;;;;;
450;138;;;;;;;;;;;;;;;;;;;;;;;;
451;138;;;;;;;;;;;;;;;;;;;;;;;;
452;138;;;;;;;;;;;;;;;;;;;;;;;;
453;341;;;;;;;;;;;;;;;;;;;;;;;;
454;46;;;;;;;;;;;;;;;;;;;;;;;;
455;46;;;;;;;;;;;;;;;;;;;;;;;;
456;342;;;;;;;;;;;;;;;;;;;;;;;;
457;343;;;;;;;;;;;;;;;;;;;;;;;;
458;344;;;;;;;;;;;;;;;;;;;;;;;;
458;345;;;;;;;;;;;;;;;;;;;;;;;;
459;346;;;;;;;;;;;;;;;;;;;;;;;;
460;347;;;;;;;;;;;;;;;;;;;;;;;;
461;348;;;;;;;;;;;;;;;;;;;;;;;;
462;252;;;;;;;;;;;;;;;;;;;;;;;;
463;347;;;;;;;;;;;;;;;;;;;;;;;;
464;349;;;;;;;;;;;;;;;;;;;;;;;;
464;350;;;;;;;;;;;;;;;;;;;;;;;;
464;351;;;;;;;;;;;;;;;;;;;;;;;;
464;129;;;;;;;;;;;;;;;;;;;;;;;;
465;352;;;;;;;;;;;;;;;;;;;;;;;;
466;353;;;;;;;;;;;;;;;;;;;;;;;;
467;354;;;;;;;;;;;;;;;;;;;;;;;;
468;129;;;;;;;;;;;;;;;;;;;;;;;;
468;14;;;;;;;;;;;;;;;;;;;;;;;;
469;353;;;;;;;;;;;;;;;;;;;;;;;;
469;355;;;;;;;;;;;;;;;;;;;;;;;;
469;356;;;;;;;;;;;;;;;;;;;;;;;;
469;357;;;;;;;;;;;;;;;;;;;;;;;;
470;358;;;;;;;;;;;;;;;;;;;;;;;;
471;359;;;;;;;;;;;;;;;;;;;;;;;;
471;360;;;;;;;;;;;;;;;;;;;;;;;;
472;361;;;;;;;;;;;;;;;;;;;;;;;;
472;362;;;;;;;;;;;;;;;;;;;;;;;;
472;363;;;;;;;;;;;;;;;;;;;;;;;;
473;364;;;;;;;;;;;;;;;;;;;;;;;;
473;365;;;;;;;;;;;;;;;;;;;;;;;;
473;366;;;;;;;;;;;;;;;;;;;;;;;;
474;191;;;;;;;;;;;;;;;;;;;;;;;;
475;367;;;;;;;;;;;;;;;;;;;;;;;;
476;129;;;;;;;;;;;;;;;;;;;;;;;;
476;368;;;;;;;;;;;;;;;;;;;;;;;;
476;369;;;;;;;;;;;;;;;;;;;;;;;;
476;370;;;;;;;;;;;;;;;;;;;;;;;;
477;371;;;;;;;;;;;;;;;;;;;;;;;;
478;372;;;;;;;;;;;;;;;;;;;;;;;;
479;373;;;;;;;;;;;;;;;;;;;;;;;;
480;0;;;;;;;;;;;;;;;;;;;;;;;;
481;374;;;;;;;;;;;;;;;;;;;;;;;;
482;375;;;;;;;;;;;;;;;;;;;;;;;;
483;376;;;;;;;;;;;;;;;;;;;;;;;;
484;377;;;;;;;;;;;;;;;;;;;;;;;;
485;378;;;;;;;;;;;;;;;;;;;;;;;;
486;379;;;;;;;;;;;;;;;;;;;;;;;;
487;379;;;;;;;;;;;;;;;;;;;;;;;;
488;378;;;;;;;;;;;;;;;;;;;;;;;;
489;380;;;;;;;;;;;;;;;;;;;;;;;;
490;381;;;;;;;;;;;;;;;;;;;;;;;;
491;382;;;;;;;;;;;;;;;;;;;;;;;;
492;383;;;;;;;;;;;;;;;;;;;;;;;;
493;284;;;;;;;;;;;;;;;;;;;;;;;;
494;284;;;;;;;;;;;;;;;;;;;;;;;;
495;284;;;;;;;;;;;;;;;;;;;;;;;;
496;284;;;;;;;;;;;;;;;;;;;;;;;;
497;384;;;;;;;;;;;;;;;;;;;;;;;;
497;34;;;;;;;;;;;;;;;;;;;;;;;;
497;385;;;;;;;;;;;;;;;;;;;;;;;;
498;386;;;;;;;;;;;;;;;;;;;;;;;;
499;34;;;;;;;;;;;;;;;;;;;;;;;;
500;387;;;;;;;;;;;;;;;;;;;;;;;;
500;388;;;;;;;;;;;;;;;;;;;;;;;;
500;271;;;;;;;;;;;;;;;;;;;;;;;;
501;389;;;;;;;;;;;;;;;;;;;;;;;;
502;142;;;;;;;;;;;;;;;;;;;;;;;;
503;222;;;;;;;;;;;;;;;;;;;;;;;;
504;390;;;;;;;;;;;;;;;;;;;;;;;;
505;390;;;;;;;;;;;;;;;;;;;;;;;;
506;390;;;;;;;;;;;;;;;;;;;;;;;;
507;271;;;;;;;;;;;;;;;;;;;;;;;;
508;391;;;;;;;;;;;;;;;;;;;;;;;;
509;34;;;;;;;;;;;;;;;;;;;;;;;;
510;392;;;;;;;;;;;;;;;;;;;;;;;;
511;393;;;;;;;;;;;;;;;;;;;;;;;;
512;394;;;;;;;;;;;;;;;;;;;;;;;;
512;395;;;;;;;;;;;;;;;;;;;;;;;;
513;396;;;;;;;;;;;;;;;;;;;;;;;;
514;397;;;;;;;;;;;;;;;;;;;;;;;;
515;398;;;;;;;;;;;;;;;;;;;;;;;;
516;399;;;;;;;;;;;;;;;;;;;;;;;;
517;400;;;;;;;;;;;;;;;;;;;;;;;;
518;401;;;;;;;;;;;;;;;;;;;;;;;;
519;402;;;;;;;;;;;;;;;;;;;;;;;;
520;403;;;;;;;;;;;;;;;;;;;;;;;;
520;404;;;;;;;;;;;;;;;;;;;;;;;;
521;405;;;;;;;;;;;;;;;;;;;;;;;;
522;406;;;;;;;;;;;;;;;;;;;;;;;;
523;407;;;;;;;;;;;;;;;;;;;;;;;;
524;408;;;;;;;;;;;;;;;;;;;;;;;;
525;409;;;;;;;;;;;;;;;;;;;;;;;;
526;410;;;;;;;;;;;;;;;;;;;;;;;;
527;411;;;;;;;;;;;;;;;;;;;;;;;;
528;412;;;;;;;;;;;;;;;;;;;;;;;;
529;412;;;;;;;;;;;;;;;;;;;;;;;;
530;413;;;;;;;;;;;;;;;;;;;;;;;;
531;412;;;;;;;;;;;;;;;;;;;;;;;;
532;414;;;;;;;;;;;;;;;;;;;;;;;;
533;413;;;;;;;;;;;;;;;;;;;;;;;;
534;415;;;;;;;;;;;;;;;;;;;;;;;;
534;416;;;;;;;;;;;;;;;;;;;;;;;;
534;417;;;;;;;;;;;;;;;;;;;;;;;;
534;418;;;;;;;;;;;;;;;;;;;;;;;;
534;419;;;;;;;;;;;;;;;;;;;;;;;;
535;420;;;;;;;;;;;;;;;;;;;;;;;;
536;421;;;;;;;;;;;;;;;;;;;;;;;;
537;422;;;;;;;;;;;;;;;;;;;;;;;;
537;423;;;;;;;;;;;;;;;;;;;;;;;;
537;424;;;;;;;;;;;;;;;;;;;;;;;;
537;425;;;;;;;;;;;;;;;;;;;;;;;;
537;426;;;;;;;;;;;;;;;;;;;;;;;;
537;427;;;;;;;;;;;;;;;;;;;;;;;;
537;428;;;;;;;;;;;;;;;;;;;;;;;;
537;429;;;;;;;;;;;;;;;;;;;;;;;;
538;0;;;;;;;;;;;;;;;;;;;;;;;;
539;430;;;;;;;;;;;;;;;;;;;;;;;;
539;431;;;;;;;;;;;;;;;;;;;;;;;;
540;432;;;;;;;;;;;;;;;;;;;;;;;;
540;433;;;;;;;;;;;;;;;;;;;;;;;;
541;434;;;;;;;;;;;;;;;;;;;;;;;;
542;435;;;;;;;;;;;;;;;;;;;;;;;;
543;436;;;;;;;;;;;;;;;;;;;;;;;;
544;389;;;;;;;;;;;;;;;;;;;;;;;;
545;434;;;;;;;;;;;;;;;;;;;;;;;;
546;437;;;;;;;;;;;;;;;;;;;;;;;;
546;47;;;;;;;;;;;;;;;;;;;;;;;;
546;438;;;;;;;;;;;;;;;;;;;;;;;;
546;391;;;;;;;;;;;;;;;;;;;;;;;;
546;314;;;;;;;;;;;;;;;;;;;;;;;;
547;250;;;;;;;;;;;;;;;;;;;;;;;;
548;40;;;;;;;;;;;;;;;;;;;;;;;;
549;285;;;;;;;;;;;;;;;;;;;;;;;;
549;439;;;;;;;;;;;;;;;;;;;;;;;;
549;440;;;;;;;;;;;;;;;;;;;;;;;;
549;437;;;;;;;;;;;;;;;;;;;;;;;;
550;138;;;;;;;;;;;;;;;;;;;;;;;;
551;32;;;;;;;;;;;;;;;;;;;;;;;;
552;441;;;;;;;;;;;;;;;;;;;;;;;;
552;442;;;;;;;;;;;;;;;;;;;;;;;;
553;443;;;;;;;;;;;;;;;;;;;;;;;;
553;306;;;;;;;;;;;;;;;;;;;;;;;;
554;444;;;;;;;;;;;;;;;;;;;;;;;;
555;445;;;;;;;;;;;;;;;;;;;;;;;;
556;441;;;;;;;;;;;;;;;;;;;;;;;;
556;442;;;;;;;;;;;;;;;;;;;;;;;;
556;443;;;;;;;;;;;;;;;;;;;;;;;;
556;306;;;;;;;;;;;;;;;;;;;;;;;;
557;446;;;;;;;;;;;;;;;;;;;;;;;;
558;447;;;;;;;;;;;;;;;;;;;;;;;;
559;447;;;;;;;;;;;;;;;;;;;;;;;;
560;448;;;;;;;;;;;;;;;;;;;;;;;;
560;449;;;;;;;;;;;;;;;;;;;;;;;;
560;450;;;;;;;;;;;;;;;;;;;;;;;;
561;451;;;;;;;;;;;;;;;;;;;;;;;;
562;452;;;;;;;;;;;;;;;;;;;;;;;;
563;337;;;;;;;;;;;;;;;;;;;;;;;;
564;27;;;;;;;;;;;;;;;;;;;;;;;;
564;453;;;;;;;;;;;;;;;;;;;;;;;;
564;447;;;;;;;;;;;;;;;;;;;;;;;;
564;337;;;;;;;;;;;;;;;;;;;;;;;;
565;451;;;;;;;;;;;;;;;;;;;;;;;;
565;449;;;;;;;;;;;;;;;;;;;;;;;;
565;452;;;;;;;;;;;;;;;;;;;;;;;;
565;450;;;;;;;;;;;;;;;;;;;;;;;;
565;448;;;;;;;;;;;;;;;;;;;;;;;;
565;446;;;;;;;;;;;;;;;;;;;;;;;;
566;449;;;;;;;;;;;;;;;;;;;;;;;;
566;452;;;;;;;;;;;;;;;;;;;;;;;;
566;450;;;;;;;;;;;;;;;;;;;;;;;;
566;448;;;;;;;;;;;;;;;;;;;;;;;;
566;446;;;;;;;;;;;;;;;;;;;;;;;;
566;447;;;;;;;;;;;;;;;;;;;;;;;;
567;454;;;;;;;;;;;;;;;;;;;;;;;;
568;455;;;;;;;;;;;;;;;;;;;;;;;;
569;456;;;;;;;;;;;;;;;;;;;;;;;;
570;457;;;;;;;;;;;;;;;;;;;;;;;;
571;458;;;;;;;;;;;;;;;;;;;;;;;;
572;459;;;;;;;;;;;;;;;;;;;;;;;;
573;459;;;;;;;;;;;;;;;;;;;;;;;;
574;459;;;;;;;;;;;;;;;;;;;;;;;;
575;455;;;;;;;;;;;;;;;;;;;;;;;;
575;460;;;;;;;;;;;;;;;;;;;;;;;;
575;461;;;;;;;;;;;;;;;;;;;;;;;;
575;462;;;;;;;;;;;;;;;;;;;;;;;;
575;463;;;;;;;;;;;;;;;;;;;;;;;;
575;464;;;;;;;;;;;;;;;;;;;;;;;;
575;459;;;;;;;;;;;;;;;;;;;;;;;;
576;465;;;;;;;;;;;;;;;;;;;;;;;;
577;465;;;;;;;;;;;;;;;;;;;;;;;;
578;465;;;;;;;;;;;;;;;;;;;;;;;;
579;466;;;;;;;;;;;;;;;;;;;;;;;;
580;466;;;;;;;;;;;;;;;;;;;;;;;;
581;466;;;;;;;;;;;;;;;;;;;;;;;;
582;466;;;;;;;;;;;;;;;;;;;;;;;;
583;467;;;;;;;;;;;;;;;;;;;;;;;;
584;468;;;;;;;;;;;;;;;;;;;;;;;;
585;465;;;;;;;;;;;;;;;;;;;;;;;;
586;461;;;;;;;;;;;;;;;;;;;;;;;;
587;465;;;;;;;;;;;;;;;;;;;;;;;;
587;461;;;;;;;;;;;;;;;;;;;;;;;;
587;469;;;;;;;;;;;;;;;;;;;;;;;;
588;470;;;;;;;;;;;;;;;;;;;;;;;;
589;471;;;;;;;;;;;;;;;;;;;;;;;;
589;465;;;;;;;;;;;;;;;;;;;;;;;;
590;460;;;;;;;;;;;;;;;;;;;;;;;;
591;456;;;;;;;;;;;;;;;;;;;;;;;;
592;472;;;;;;;;;;;;;;;;;;;;;;;;
593;458;;;;;;;;;;;;;;;;;;;;;;;;
594;473;;;;;;;;;;;;;;;;;;;;;;;;
595;462;;;;;;;;;;;;;;;;;;;;;;;;
596;474;;;;;;;;;;;;;;;;;;;;;;;;
597;474;;;;;;;;;;;;;;;;;;;;;;;;
598;475;;;;;;;;;;;;;;;;;;;;;;;;
599;476;;;;;;;;;;;;;;;;;;;;;;;;
600;466;;;;;;;;;;;;;;;;;;;;;;;;
601;477;;;;;;;;;;;;;;;;;;;;;;;;
601;476;;;;;;;;;;;;;;;;;;;;;;;;
601;478;;;;;;;;;;;;;;;;;;;;;;;;
601;479;;;;;;;;;;;;;;;;;;;;;;;;
601;462;;;;;;;;;;;;;;;;;;;;;;;;
601;480;;;;;;;;;;;;;;;;;;;;;;;;
601;481;;;;;;;;;;;;;;;;;;;;;;;;
602;482;;;;;;;;;;;;;;;;;;;;;;;;
603;472;;;;;;;;;;;;;;;;;;;;;;;;
604;483;;;;;;;;;;;;;;;;;;;;;;;;
605;461;;;;;;;;;;;;;;;;;;;;;;;;
606;461;;;;;;;;;;;;;;;;;;;;;;;;
607;461;;;;;;;;;;;;;;;;;;;;;;;;
608;473;;;;;;;;;;;;;;;;;;;;;;;;
609;479;;;;;;;;;;;;;;;;;;;;;;;;
610;409;;;;;;;;;;;;;;;;;;;;;;;;
611;410;;;;;;;;;;;;;;;;;;;;;;;;
612;411;;;;;;;;;;;;;;;;;;;;;;;;
613;413;;;;;;;;;;;;;;;;;;;;;;;;
614;412;;;;;;;;;;;;;;;;;;;;;;;;
615;484;;;;;;;;;;;;;;;;;;;;;;;;
616;485;;;;;;;;;;;;;;;;;;;;;;;;
616;486;;;;;;;;;;;;;;;;;;;;;;;;
617;487;;;;;;;;;;;;;;;;;;;;;;;;
617;488;;;;;;;;;;;;;;;;;;;;;;;;
618;489;;;;;;;;;;;;;;;;;;;;;;;;
619;490;;;;;;;;;;;;;;;;;;;;;;;;
620;491;;;;;;;;;;;;;;;;;;;;;;;;
621;492;;;;;;;;;;;;;;;;;;;;;;;;
622;493;;;;;;;;;;;;;;;;;;;;;;;;
623;494;;;;;;;;;;;;;;;;;;;;;;;;
624;495;;;;;;;;;;;;;;;;;;;;;;;;
625;496;;;;;;;;;;;;;;;;;;;;;;;;
626;497;;;;;;;;;;;;;;;;;;;;;;;;
627;498;;;;;;;;;;;;;;;;;;;;;;;;
628;499;;;;;;;;;;;;;;;;;;;;;;;;
628;500;;;;;;;;;;;;;;;;;;;;;;;;
628;501;;;;;;;;;;;;;;;;;;;;;;;;
629;502;;;;;;;;;;;;;;;;;;;;;;;;
630;503;;;;;;;;;;;;;;;;;;;;;;;;
631;504;;;;;;;;;;;;;;;;;;;;;;;;
632;157;;;;;;;;;;;;;;;;;;;;;;;;
632;153;;;;;;;;;;;;;;;;;;;;;;;;
632;505;;;;;;;;;;;;;;;;;;;;;;;;
633;506;;;;;;;;;;;;;;;;;;;;;;;;
634;507;;;;;;;;;;;;;;;;;;;;;;;;
634;508;;;;;;;;;;;;;;;;;;;;;;;;
634;509;;;;;;;;;;;;;;;;;;;;;;;;
635;510;;;;;;;;;;;;;;;;;;;;;;;;
636;496;;;;;;;;;;;;;;;;;;;;;;;;
637;253;;;;;;;;;;;;;;;;;;;;;;;;
638;511;;;;;;;;;;;;;;;;;;;;;;;;
639;512;;;;;;;;;;;;;;;;;;;;;;;;
640;513;;;;;;;;;;;;;;;;;;;;;;;;
641;513;;;;;;;;;;;;;;;;;;;;;;;;
642;514;;;;;;;;;;;;;;;;;;;;;;;;
643;142;;;;;;;;;;;;;;;;;;;;;;;;
644;515;;;;;;;;;;;;;;;;;;;;;;;;
645;516;;;;;;;;;;;;;;;;;;;;;;;;
645;517;;;;;;;;;;;;;;;;;;;;;;;;
646;518;;;;;;;;;;;;;;;;;;;;;;;;
647;519;;;;;;;;;;;;;;;;;;;;;;;;
648;520;;;;;;;;;;;;;;;;;;;;;;;;
648;521;;;;;;;;;;;;;;;;;;;;;;;;
649;522;;;;;;;;;;;;;;;;;;;;;;;;
650;523;;;;;;;;;;;;;;;;;;;;;;;;
651;524;;;;;;;;;;;;;;;;;;;;;;;;
652;520;;;;;;;;;;;;;;;;;;;;;;;;
652;525;;;;;;;;;;;;;;;;;;;;;;;;
653;520;;;;;;;;;;;;;;;;;;;;;;;;
653;525;;;;;;;;;;;;;;;;;;;;;;;;
653;522;;;;;;;;;;;;;;;;;;;;;;;;
653;526;;;;;;;;;;;;;;;;;;;;;;;;
654;520;;;;;;;;;;;;;;;;;;;;;;;;
654;521;;;;;;;;;;;;;;;;;;;;;;;;
655;520;;;;;;;;;;;;;;;;;;;;;;;;
656;439;;;;;;;;;;;;;;;;;;;;;;;;
657;527;;;;;;;;;;;;;;;;;;;;;;;;
658;525;;;;;;;;;;;;;;;;;;;;;;;;
659;521;;;;;;;;;;;;;;;;;;;;;;;;
660;528;;;;;;;;;;;;;;;;;;;;;;;;
661;529;;;;;;;;;;;;;;;;;;;;;;;;
662;241;;;;;;;;;;;;;;;;;;;;;;;;
663;530;;;;;;;;;;;;;;;;;;;;;;;;
664;243;;;;;;;;;;;;;;;;;;;;;;;;
665;530;;;;;;;;;;;;;;;;;;;;;;;;
666;530;;;;;;;;;;;;;;;;;;;;;;;;
667;122;;;;;;;;;;;;;;;;;;;;;;;;
668;346;;;;;;;;;;;;;;;;;;;;;;;;
669;531;;;;;;;;;;;;;;;;;;;;;;;;
670;520;;;;;;;;;;;;;;;;;;;;;;;;
670;346;;;;;;;;;;;;;;;;;;;;;;;;
670;530;;;;;;;;;;;;;;;;;;;;;;;;
671;522;;;;;;;;;;;;;;;;;;;;;;;;
672;526;;;;;;;;;;;;;;;;;;;;;;;;
673;122;;;;;;;;;;;;;;;;;;;;;;;;
674;520;;;;;;;;;;;;;;;;;;;;;;;;
675;439;;;;;;;;;;;;;;;;;;;;;;;;
676;524;;;;;;;;;;;;;;;;;;;;;;;;
677;532;;;;;;;;;;;;;;;;;;;;;;;;
678;533;;;;;;;;;;;;;;;;;;;;;;;;
679;534;;;;;;;;;;;;;;;;;;;;;;;;
680;219;;;;;;;;;;;;;;;;;;;;;;;;
681;535;;;;;;;;;;;;;;;;;;;;;;;;
682;534;;;;;;;;;;;;;;;;;;;;;;;;
682;100;;;;;;;;;;;;;;;;;;;;;;;;
683;534;;;;;;;;;;;;;;;;;;;;;;;;
684;536;;;;;;;;;;;;;;;;;;;;;;;;
685;537;;;;;;;;;;;;;;;;;;;;;;;;
686;538;;;;;;;;;;;;;;;;;;;;;;;;
687;539;;;;;;;;;;;;;;;;;;;;;;;;
688;286;;;;;;;;;;;;;;;;;;;;;;;;
689;265;;;;;;;;;;;;;;;;;;;;;;;;
690;39;;;;;;;;;;;;;;;;;;;;;;;;
691;540;;;;;;;;;;;;;;;;;;;;;;;;