origin_id;account_id;;;;;;;;;;;;;;;;;;;;;;;
1;1;;;;;;;;;;;;;;;;;;;;;;;
2;2;;;;;;;;;;;;;;;;;;;;;;;
3;3;;;;;;;;;;;;;;;;;;;;;;;
3;4;;;;;;;;;;;;;;;;;;;;;;;
4;5;;;;;;;;;;;;;;;;;;;;;;;
7;5;;;;;;;;;;;;;;;;;;;;;;;
6;5;;;;;;;;;;;;;;;;;;;;;;;
7;6;;;;;;;;;;;;;;;;;;;;;;;
8;7;;;;;;;;;;;;;;;;;;;;;;;
9;8;;;;;;;;;;;;;;;;;;;;;;;
10;9;;;;;;;;;;;;;;;;;;;;;;;
6;10;;;;;;;;;;;;;;;;;;;;;;;
11;11;;;;;;;;;;;;;;;;;;;;;;;
12;12;;;;;;;;;;;;;;;;;;;;;;;
12;13;;;;;;;;;;;;;;;;;;;;;;;
13;14;;;;;;;;;;;;;;;;;;;;;;;
0;15;;;;;;;;;;;;;;;;;;;;;;;
0;16;;;;;;;;;;;;;;;;;;;;;;;
0;17;;;;;;;;;;;;;;;;;;;;;;;
0;18;;;;;;;;;;;;;;;;;;;;;;;
0;19;;;;;;;;;;;;;;;;;;;;;;;
0;20;;;;;;;;;;;;;;;;;;;;;;;
0;21;;;;;;;;;;;;;;;;;;;;;;;
0;22;;;;;;;;;;;;;;;;;;;;;;;
0;23;;;;;;;;;;;;;;;;;;;;;;;
0;24;;;;;;;;;;;;;;;;;;;;;;;
0;25;;;;;;;;;;;;;;;;;;;;;;;
14;26;;;;;;;;;;;;;;;;;;;;;;;
15;27;;;;;;;;;;;;;;;;;;;;;;;
16;28;;;;;;;;;;;;;;;;;;;;;;;
17;29;;;;;;;;;;;;;;;;;;;;;;;
17;30;;;;;;;;;;;;;;;;;;;;;;;
17;31;;;;;;;;;;;;;;;;;;;;;;;
18;32;;;;;;;;;;;;;;;;;;;;;;;
16;33;;;;;;;;;;;;;;;;;;;;;;;
19;34;;;;;;;;;;;;;;;;;;;;;;;
17;34;;;;;;;;;;;;;;;;;;;;;;;
20;35;;;;;;;;;;;;;;;;;;;;;;;
21;36;;;;;;;;;;;;;;;;;;;;;;;
22;37;;;;;;;;;;;;;;;;;;;;;;;
23;37;;;;;;;;;;;;;;;;;;;;;;;
24;38;;;;;;;;;;;;;;;;;;;;;;;
23;39;;;;;;;;;;;;;;;;;;;;;;;
22;39;;;;;;;;;;;;;;;;;;;;;;;
25;40;;;;;;;;;;;;;;;;;;;;;;;
26;40;;;;;;;;;;;;;;;;;;;;;;;
26;41;;;;;;;;;;;;;;;;;;;;;;;
27;41;;;;;;;;;;;;;;;;;;;;;;;
28;41;;;;;;;;;;;;;;;;;;;;;;;
29;42;;;;;;;;;;;;;;;;;;;;;;;
30;42;;;;;;;;;;;;;;;;;;;;;;;
31;43;;;;;;;;;;;;;;;;;;;;;;;
32;44;;;;;;;;;;;;;;;;;;;;;;;
25;45;;;;;;;;;;;;;;;;;;;;;;;
33;46;;;;;;;;;;;;;;;;;;;;;;;
34;47;;;;;;;;;;;;;;;;;;;;;;;
35;48;;;;;;;;;;;;;;;;;;;;;;;
25;49;;;;;;;;;;;;;;;;;;;;;;;
36;50;;;;;;;;;;;;;;;;;;;;;;;
37;51;;;;;;;;;;;;;;;;;;;;;;;
37;52;;;;;;;;;;;;;;;;;;;;;;;
38;53;;;;;;;;;;;;;;;;;;;;;;;
39;54;;;;;;;;;;;;;;;;;;;;;;;
28;55;;;;;;;;;;;;;;;;;;;;;;;
40;56;;;;;;;;;;;;;;;;;;;;;;;
41;57;;;;;;;;;;;;;;;;;;;;;;;
42;58;;;;;;;;;;;;;;;;;;;;;;;
43;59;;;;;;;;;;;;;;;;;;;;;;;
44;60;;;;;;;;;;;;;;;;;;;;;;;
45;61;;;;;;;;;;;;;;;;;;;;;;;
46;62;;;;;;;;;;;;;;;;;;;;;;;
34;63;;;;;;;;;;;;;;;;;;;;;;;
47;64;;;;;;;;;;;;;;;;;;;;;;;
48;65;;;;;;;;;;;;;;;;;;;;;;;
49;66;;;;;;;;;;;;;;;;;;;;;;;
49;67;;;;;;;;;;;;;;;;;;;;;;;
49;68;;;;;;;;;;;;;;;;;;;;;;;
33;69;;;;;;;;;;;;;;;;;;;;;;;
33;70;;;;;;;;;;;;;;;;;;;;;;;
50;71;;;;;;;;;;;;;;;;;;;;;;;
51;72;;;;;;;;;;;;;;;;;;;;;;;
52;73;;;;;;;;;;;;;;;;;;;;;;;
53;74;;;;;;;;;;;;;;;;;;;;;;;
54;75;;;;;;;;;;;;;;;;;;;;;;;
55;76;;;;;;;;;;;;;;;;;;;;;;;
56;77;;;;;;;;;;;;;;;;;;;;;;;
57;78;;;;;;;;;;;;;;;;;;;;;;;
58;79;;;;;;;;;;;;;;;;;;;;;;;
59;80;;;;;;;;;;;;;;;;;;;;;;;
55;80;;;;;;;;;;;;;;;;;;;;;;;
60;81;;;;;;;;;;;;;;;;;;;;;;;
61;81;;;;;;;;;;;;;;;;;;;;;;;
62;82;;;;;;;;;;;;;;;;;;;;;;;
63;83;;;;;;;;;;;;;;;;;;;;;;;
64;84;;;;;;;;;;;;;;;;;;;;;;;
65;85;;;;;;;;;;;;;;;;;;;;;;;
23;86;;;;;;;;;;;;;;;;;;;;;;;
66;87;;;;;;;;;;;;;;;;;;;;;;;
67;88;;;;;;;;;;;;;;;;;;;;;;;
68;89;;;;;;;;;;;;;;;;;;;;;;;
69;90;;;;;;;;;;;;;;;;;;;;;;;
70;91;;;;;;;;;;;;;;;;;;;;;;;
71;92;;;;;;;;;;;;;;;;;;;;;;;
72;93;;;;;;;;;;;;;;;;;;;;;;;
73;94;;;;;;;;;;;;;;;;;;;;;;;
74;95;;;;;;;;;;;;;;;;;;;;;;;
75;96;;;;;;;;;;;;;;;;;;;;;;;
76;97;;;;;;;;;;;;;;;;;;;;;;;
77;97;;;;;;;;;;;;;;;;;;;;;;;
78;97;;;;;;;;;;;;;;;;;;;;;;;
79;98;;;;;;;;;;;;;;;;;;;;;;;
80;99;;;;;;;;;;;;;;;;;;;;;;;
81;100;;;;;;;;;;;;;;;;;;;;;;;
82;101;;;;;;;;;;;;;;;;;;;;;;;
83;102;;;;;;;;;;;;;;;;;;;;;;;
84;103;;;;;;;;;;;;;;;;;;;;;;;
85;104;;;;;;;;;;;;;;;;;;;;;;;
86;105;;;;;;;;;;;;;;;;;;;;;;;
87;106;;;;;;;;;;;;;;;;;;;;;;;
88;107;;;;;;;;;;;;;;;;;;;;;;;
89;108;;;;;;;;;;;;;;;;;;;;;;;
90;109;;;;;;;;;;;;;;;;;;;;;;;
91;110;;;;;;;;;;;;;;;;;;;;;;;
92;111;;;;;;;;;;;;;;;;;;;;;;;
93;112;;;;;;;;;;;;;;;;;;;;;;;
94;113;;;;;;;;;;;;;;;;;;;;;;;
95;114;;;;;;;;;;;;;;;;;;;;;;;
54;115;;;;;;;;;;;;;;;;;;;;;;;
96;116;;;;;;;;;;;;;;;;;;;;;;;
97;117;;;;;;;;;;;;;;;;;;;;;;;
98;117;;;;;;;;;;;;;;;;;;;;;;;
86;117;;;;;;;;;;;;;;;;;;;;;;;
99;117;;;;;;;;;;;;;;;;;;;;;;;
100;118;;;;;;;;;;;;;;;;;;;;;;;
101;118;;;;;;;;;;;;;;;;;;;;;;;
102;119;;;;;;;;;;;;;;;;;;;;;;;
100;119;;;;;;;;;;;;;;;;;;;;;;;
102;120;;;;;;;;;;;;;;;;;;;;;;;
92;120;;;;;;;;;;;;;;;;;;;;;;;
103;121;;;;;;;;;;;;;;;;;;;;;;;
23;121;;;;;;;;;;;;;;;;;;;;;;;
104;121;;;;;;;;;;;;;;;;;;;;;;;
59;122;;;;;;;;;;;;;;;;;;;;;;;
105;123;;;;;;;;;;;;;;;;;;;;;;;
105;124;;;;;;;;;;;;;;;;;;;;;;;
105;125;;;;;;;;;;;;;;;;;;;;;;;
106;126;;;;;;;;;;;;;;;;;;;;;;;
59;127;;;;;;;;;;;;;;;;;;;;;;;
107;128;;;;;;;;;;;;;;;;;;;;;;;
108;129;;;;;;;;;;;;;;;;;;;;;;;
109;130;;;;;;;;;;;;;;;;;;;;;;;
110;131;;;;;;;;;;;;;;;;;;;;;;;
110;132;;;;;;;;;;;;;;;;;;;;;;;
111;133;;;;;;;;;;;;;;;;;;;;;;;
112;134;;;;;;;;;;;;;;;;;;;;;;;
113;135;;;;;;;;;;;;;;;;;;;;;;;
114;136;;;;;;;;;;;;;;;;;;;;;;;
115;137;;;;;;;;;;;;;;;;;;;;;;;
116;138;;;;;;;;;;;;;;;;;;;;;;;
117;139;;;;;;;;;;;;;;;;;;;;;;;
117;140;;;;;;;;;;;;;;;;;;;;;;;
118;141;;;;;;;;;;;;;;;;;;;;;;;
74;142;;;;;;;;;;;;;;;;;;;;;;;
86;143;;;;;;;;;;;;;;;;;;;;;;;
119;144;;;;;;;;;;;;;;;;;;;;;;;
100;145;;;;;;;;;;;;;;;;;;;;;;;
77;146;;;;;;;;;;;;;;;;;;;;;;;
120;146;;;;;;;;;;;;;;;;;;;;;;;
116;147;;;;;;;;;;;;;;;;;;;;;;;
59;147;;;;;;;;;;;;;;;;;;;;;;;
121;148;;;;;;;;;;;;;;;;;;;;;;;
121;149;;;;;;;;;;;;;;;;;;;;;;;
99;150;;;;;;;;;;;;;;;;;;;;;;;
77;151;;;;;;;;;;;;;;;;;;;;;;;
120;151;;;;;;;;;;;;;;;;;;;;;;;
116;152;;;;;;;;;;;;;;;;;;;;;;;
122;153;;;;;;;;;;;;;;;;;;;;;;;
123;154;;;;;;;;;;;;;;;;;;;;;;;
124;154;;;;;;;;;;;;;;;;;;;;;;;
125;155;;;;;;;;;;;;;;;;;;;;;;;
124;155;;;;;;;;;;;;;;;;;;;;;;;
126;156;;;;;;;;;;;;;;;;;;;;;;;
58;156;;;;;;;;;;;;;;;;;;;;;;;
127;157;;;;;;;;;;;;;;;;;;;;;;;
58;157;;;;;;;;;;;;;;;;;;;;;;;
128;158;;;;;;;;;;;;;;;;;;;;;;;
129;159;;;;;;;;;;;;;;;;;;;;;;;
124;159;;;;;;;;;;;;;;;;;;;;;;;
129;160;;;;;;;;;;;;;;;;;;;;;;;
124;160;;;;;;;;;;;;;;;;;;;;;;;
129;161;;;;;;;;;;;;;;;;;;;;;;;
124;161;;;;;;;;;;;;;;;;;;;;;;;
129;162;;;;;;;;;;;;;;;;;;;;;;;
124;162;;;;;;;;;;;;;;;;;;;;;;;
124;163;;;;;;;;;;;;;;;;;;;;;;;
130;164;;;;;;;;;;;;;;;;;;;;;;;
131;164;;;;;;;;;;;;;;;;;;;;;;;
132;165;;;;;;;;;;;;;;;;;;;;;;;
133;165;;;;;;;;;;;;;;;;;;;;;;;
134;166;;;;;;;;;;;;;;;;;;;;;;;
134;167;;;;;;;;;;;;;;;;;;;;;;;
134;168;;;;;;;;;;;;;;;;;;;;;;;
134;169;;;;;;;;;;;;;;;;;;;;;;;
134;170;;;;;;;;;;;;;;;;;;;;;;;
135;171;;;;;;;;;;;;;;;;;;;;;;;
135;172;;;;;;;;;;;;;;;;;;;;;;;
136;173;;;;;;;;;;;;;;;;;;;;;;;
59;174;;;;;;;;;;;;;;;;;;;;;;;
59;175;;;;;;;;;;;;;;;;;;;;;;;
55;175;;;;;;;;;;;;;;;;;;;;;;;
116;176;;;;;;;;;;;;;;;;;;;;;;;
116;177;;;;;;;;;;;;;;;;;;;;;;;
116;178;;;;;;;;;;;;;;;;;;;;;;;
116;179;;;;;;;;;;;;;;;;;;;;;;;
137;180;;;;;;;;;;;;;;;;;;;;;;;
138;181;;;;;;;;;;;;;;;;;;;;;;;
139;182;;;;;;;;;;;;;;;;;;;;;;;
140;183;;;;;;;;;;;;;;;;;;;;;;;
140;184;;;;;;;;;;;;;;;;;;;;;;;
141;184;;;;;;;;;;;;;;;;;;;;;;;
39;185;;;;;;;;;;;;;;;;;;;;;;;
142;186;;;;;;;;;;;;;;;;;;;;;;;
143;187;;;;;;;;;;;;;;;;;;;;;;;
144;188;;;;;;;;;;;;;;;;;;;;;;;
137;189;;;;;;;;;;;;;;;;;;;;;;;
145;190;;;;;;;;;;;;;;;;;;;;;;;
0;191;;;;;;;;;;;;;;;;;;;;;;;
0;192;;;;;;;;;;;;;;;;;;;;;;;
0;193;;;;;;;;;;;;;;;;;;;;;;;
0;194;;;;;;;;;;;;;;;;;;;;;;;
0;195;;;;;;;;;;;;;;;;;;;;;;;
0;196;;;;;;;;;;;;;;;;;;;;;;;
0;197;;;;;;;;;;;;;;;;;;;;;;;
0;198;;;;;;;;;;;;;;;;;;;;;;;
0;199;;;;;;;;;;;;;;;;;;;;;;;
0;200;;;;;;;;;;;;;;;;;;;;;;;
0;201;;;;;;;;;;;;;;;;;;;;;;;
0;202;;;;;;;;;;;;;;;;;;;;;;;
146;203;;;;;;;;;;;;;;;;;;;;;;;
147;204;;;;;;;;;;;;;;;;;;;;;;;
148;204;;;;;;;;;;;;;;;;;;;;;;;
149;204;;;;;;;;;;;;;;;;;;;;;;;
149;205;;;;;;;;;;;;;;;;;;;;;;;
147;205;;;;;;;;;;;;;;;;;;;;;;;
150;205;;;;;;;;;;;;;;;;;;;;;;;
151;205;;;;;;;;;;;;;;;;;;;;;;;
152;205;;;;;;;;;;;;;;;;;;;;;;;
149;206;;;;;;;;;;;;;;;;;;;;;;;
150;207;;;;;;;;;;;;;;;;;;;;;;;
149;207;;;;;;;;;;;;;;;;;;;;;;;
153;208;;;;;;;;;;;;;;;;;;;;;;;
154;209;;;;;;;;;;;;;;;;;;;;;;;
155;210;;;;;;;;;;;;;;;;;;;;;;;
153;211;;;;;;;;;;;;;;;;;;;;;;;
156;212;;;;;;;;;;;;;;;;;;;;;;;
157;213;;;;;;;;;;;;;;;;;;;;;;;
158;214;;;;;;;;;;;;;;;;;;;;;;;
158;215;;;;;;;;;;;;;;;;;;;;;;;
158;216;;;;;;;;;;;;;;;;;;;;;;;
158;217;;;;;;;;;;;;;;;;;;;;;;;
158;218;;;;;;;;;;;;;;;;;;;;;;;
158;219;;;;;;;;;;;;;;;;;;;;;;;
159;220;;;;;;;;;;;;;;;;;;;;;;;
159;221;;;;;;;;;;;;;;;;;;;;;;;
46;222;;;;;;;;;;;;;;;;;;;;;;;
43;223;;;;;;;;;;;;;;;;;;;;;;;
27;224;;;;;;;;;;;;;;;;;;;;;;;
27;225;;;;;;;;;;;;;;;;;;;;;;;
27;226;;;;;;;;;;;;;;;;;;;;;;;
160;227;;;;;;;;;;;;;;;;;;;;;;;
161;228;;;;;;;;;;;;;;;;;;;;;;;
46;229;;;;;;;;;;;;;;;;;;;;;;;
43;230;;;;;;;;;;;;;;;;;;;;;;;
34;230;;;;;;;;;;;;;;;;;;;;;;;
162;231;;;;;;;;;;;;;;;;;;;;;;;
163;232;;;;;;;;;;;;;;;;;;;;;;;
164;233;;;;;;;;;;;;;;;;;;;;;;;
165;233;;;;;;;;;;;;;;;;;;;;;;;
166;234;;;;;;;;;;;;;;;;;;;;;;;
167;234;;;;;;;;;;;;;;;;;;;;;;;
168;234;;;;;;;;;;;;;;;;;;;;;;;
169;234;;;;;;;;;;;;;;;;;;;;;;;
166;235;;;;;;;;;;;;;;;;;;;;;;;
167;235;;;;;;;;;;;;;;;;;;;;;;;
168;235;;;;;;;;;;;;;;;;;;;;;;;
169;235;;;;;;;;;;;;;;;;;;;;;;;
170;236;;;;;;;;;;;;;;;;;;;;;;;
171;237;;;;;;;;;;;;;;;;;;;;;;;
172;238;;;;;;;;;;;;;;;;;;;;;;;
173;239;;;;;;;;;;;;;;;;;;;;;;;
174;240;;;;;;;;;;;;;;;;;;;;;;;
175;240;;;;;;;;;;;;;;;;;;;;;;;
176;240;;;;;;;;;;;;;;;;;;;;;;;
105;241;;;;;;;;;;;;;;;;;;;;;;;
177;242;;;;;;;;;;;;;;;;;;;;;;;
171;243;;;;;;;;;;;;;;;;;;;;;;;
178;244;;;;;;;;;;;;;;;;;;;;;;;
171;245;;;;;;;;;;;;;;;;;;;;;;;
179;245;;;;;;;;;;;;;;;;;;;;;;;
180;245;;;;;;;;;;;;;;;;;;;;;;;
181;246;;;;;;;;;;;;;;;;;;;;;;;
181;247;;;;;;;;;;;;;;;;;;;;;;;
181;248;;;;;;;;;;;;;;;;;;;;;;;
182;249;;;;;;;;;;;;;;;;;;;;;;;
183;250;;;;;;;;;;;;;;;;;;;;;;;
184;251;;;;;;;;;;;;;;;;;;;;;;;
185;252;;;;;;;;;;;;;;;;;;;;;;;
186;252;;;;;;;;;;;;;;;;;;;;;;;
187;252;;;;;;;;;;;;;;;;;;;;;;;
185;253;;;;;;;;;;;;;;;;;;;;;;;
186;253;;;;;;;;;;;;;;;;;;;;;;;
187;253;;;;;;;;;;;;;;;;;;;;;;;
188;254;;;;;;;;;;;;;;;;;;;;;;;
189;255;;;;;;;;;;;;;;;;;;;;;;;
171;255;;;;;;;;;;;;;;;;;;;;;;;
190;256;;;;;;;;;;;;;;;;;;;;;;;
14;257;;;;;;;;;;;;;;;;;;;;;;;
105;258;;;;;;;;;;;;;;;;;;;;;;;
190;258;;;;;;;;;;;;;;;;;;;;;;;
14;259;;;;;;;;;;;;;;;;;;;;;;;
105;259;;;;;;;;;;;;;;;;;;;;;;;
14;260;;;;;;;;;;;;;;;;;;;;;;;
105;260;;;;;;;;;;;;;;;;;;;;;;;
191;261;;;;;;;;;;;;;;;;;;;;;;;
105;261;;;;;;;;;;;;;;;;;;;;;;;
171;262;;;;;;;;;;;;;;;;;;;;;;;
14;263;;;;;;;;;;;;;;;;;;;;;;;
171;263;;;;;;;;;;;;;;;;;;;;;;;
192;263;;;;;;;;;;;;;;;;;;;;;;;
171;264;;;;;;;;;;;;;;;;;;;;;;;
181;265;;;;;;;;;;;;;;;;;;;;;;;
105;265;;;;;;;;;;;;;;;;;;;;;;;
181;266;;;;;;;;;;;;;;;;;;;;;;;
193;267;;;;;;;;;;;;;;;;;;;;;;;
194;268;;;;;;;;;;;;;;;;;;;;;;;
195;269;;;;;;;;;;;;;;;;;;;;;;;
79;270;;;;;;;;;;;;;;;;;;;;;;;
195;270;;;;;;;;;;;;;;;;;;;;;;;
196;271;;;;;;;;;;;;;;;;;;;;;;;
197;271;;;;;;;;;;;;;;;;;;;;;;;
198;271;;;;;;;;;;;;;;;;;;;;;;;
194;272;;;;;;;;;;;;;;;;;;;;;;;
194;273;;;;;;;;;;;;;;;;;;;;;;;
199;274;;;;;;;;;;;;;;;;;;;;;;;
200;275;;;;;;;;;;;;;;;;;;;;;;;
201;276;;;;;;;;;;;;;;;;;;;;;;;
202;277;;;;;;;;;;;;;;;;;;;;;;;
202;278;;;;;;;;;;;;;;;;;;;;;;;
203;279;;;;;;;;;;;;;;;;;;;;;;;
204;280;;;;;;;;;;;;;;;;;;;;;;;
205;280;;;;;;;;;;;;;;;;;;;;;;;
203;281;;;;;;;;;;;;;;;;;;;;;;;
203;282;;;;;;;;;;;;;;;;;;;;;;;
206;283;;;;;;;;;;;;;;;;;;;;;;;
207;284;;;;;;;;;;;;;;;;;;;;;;;
208;285;;;;;;;;;;;;;;;;;;;;;;;
208;286;;;;;;;;;;;;;;;;;;;;;;;
208;287;;;;;;;;;;;;;;;;;;;;;;;
209;288;;;;;;;;;;;;;;;;;;;;;;;
210;289;;;;;;;;;;;;;;;;;;;;;;;
41;290;;;;;;;;;;;;;;;;;;;;;;;
211;290;;;;;;;;;;;;;;;;;;;;;;;
212;290;;;;;;;;;;;;;;;;;;;;;;;
213;290;;;;;;;;;;;;;;;;;;;;;;;
214;290;;;;;;;;;;;;;;;;;;;;;;;
36;290;;;;;;;;;;;;;;;;;;;;;;;
215;290;;;;;;;;;;;;;;;;;;;;;;;
216;290;;;;;;;;;;;;;;;;;;;;;;;
217;290;;;;;;;;;;;;;;;;;;;;;;;
218;290;;;;;;;;;;;;;;;;;;;;;;;
219;290;;;;;;;;;;;;;;;;;;;;;;;
220;290;;;;;;;;;;;;;;;;;;;;;;;
221;290;;;;;;;;;;;;;;;;;;;;;;;
45;290;;;;;;;;;;;;;;;;;;;;;;;
222;290;;;;;;;;;;;;;;;;;;;;;;;
223;290;;;;;;;;;;;;;;;;;;;;;;;
224;290;;;;;;;;;;;;;;;;;;;;;;;
225;290;;;;;;;;;;;;;;;;;;;;;;;
226;290;;;;;;;;;;;;;;;;;;;;;;;
227;290;;;;;;;;;;;;;;;;;;;;;;;
228;290;;;;;;;;;;;;;;;;;;;;;;;
229;290;;;;;;;;;;;;;;;;;;;;;;;
230;290;;;;;;;;;;;;;;;;;;;;;;;
231;290;;;;;;;;;;;;;;;;;;;;;;;
232;290;;;;;;;;;;;;;;;;;;;;;;;
233;290;;;;;;;;;;;;;;;;;;;;;;;
234;290;;;;;;;;;;;;;;;;;;;;;;;
41;291;;;;;;;;;;;;;;;;;;;;;;;
211;291;;;;;;;;;;;;;;;;;;;;;;;
235;291;;;;;;;;;;;;;;;;;;;;;;;
211;291;;;;;;;;;;;;;;;;;;;;;;;
213;291;;;;;;;;;;;;;;;;;;;;;;;
217;291;;;;;;;;;;;;;;;;;;;;;;;
219;291;;;;;;;;;;;;;;;;;;;;;;;
221;291;;;;;;;;;;;;;;;;;;;;;;;
45;291;;;;;;;;;;;;;;;;;;;;;;;
222;291;;;;;;;;;;;;;;;;;;;;;;;
223;291;;;;;;;;;;;;;;;;;;;;;;;
224;291;;;;;;;;;;;;;;;;;;;;;;;
228;291;;;;;;;;;;;;;;;;;;;;;;;
229;291;;;;;;;;;;;;;;;;;;;;;;;
230;291;;;;;;;;;;;;;;;;;;;;;;;
211;292;;;;;;;;;;;;;;;;;;;;;;;
215;292;;;;;;;;;;;;;;;;;;;;;;;
236;292;;;;;;;;;;;;;;;;;;;;;;;
220;292;;;;;;;;;;;;;;;;;;;;;;;
225;292;;;;;;;;;;;;;;;;;;;;;;;
226;292;;;;;;;;;;;;;;;;;;;;;;;
227;292;;;;;;;;;;;;;;;;;;;;;;;
230;292;;;;;;;;;;;;;;;;;;;;;;;
231;292;;;;;;;;;;;;;;;;;;;;;;;
232;292;;;;;;;;;;;;;;;;;;;;;;;
233;292;;;;;;;;;;;;;;;;;;;;;;;
234;292;;;;;;;;;;;;;;;;;;;;;;;
41;293;;;;;;;;;;;;;;;;;;;;;;;
218;293;;;;;;;;;;;;;;;;;;;;;;;
220;293;;;;;;;;;;;;;;;;;;;;;;;
45;293;;;;;;;;;;;;;;;;;;;;;;;
227;293;;;;;;;;;;;;;;;;;;;;;;;
232;293;;;;;;;;;;;;;;;;;;;;;;;
211;293;;;;;;;;;;;;;;;;;;;;;;;
215;293;;;;;;;;;;;;;;;;;;;;;;;
218;293;;;;;;;;;;;;;;;;;;;;;;;
220;293;;;;;;;;;;;;;;;;;;;;;;;
225;293;;;;;;;;;;;;;;;;;;;;;;;
234;293;;;;;;;;;;;;;;;;;;;;;;;
237;294;;;;;;;;;;;;;;;;;;;;;;;
238;294;;;;;;;;;;;;;;;;;;;;;;;
30;295;;;;;;;;;;;;;;;;;;;;;;;
30;296;;;;;;;;;;;;;;;;;;;;;;;
541;297;;;;;;;;;;;;;;;;;;;;;;;
41;298;;;;;;;;;;;;;;;;;;;;;;;
30;299;;;;;;;;;;;;;;;;;;;;;;;
239;300;;;;;;;;;;;;;;;;;;;;;;;
240;301;;;;;;;;;;;;;;;;;;;;;;;
241;302;;;;;;;;;;;;;;;;;;;;;;;
48;303;;;;;;;;;;;;;;;;;;;;;;;
242;304;;;;;;;;;;;;;;;;;;;;;;;
243;305;;;;;;;;;;;;;;;;;;;;;;;
33;306;;;;;;;;;;;;;;;;;;;;;;;
239;307;;;;;;;;;;;;;;;;;;;;;;;
224;308;;;;;;;;;;;;;;;;;;;;;;;
244;308;;;;;;;;;;;;;;;;;;;;;;;
245;309;;;;;;;;;;;;;;;;;;;;;;;
246;309;;;;;;;;;;;;;;;;;;;;;;;
213;309;;;;;;;;;;;;;;;;;;;;;;;
232;310;;;;;;;;;;;;;;;;;;;;;;;
247;310;;;;;;;;;;;;;;;;;;;;;;;
142;310;;;;;;;;;;;;;;;;;;;;;;;
34;310;;;;;;;;;;;;;;;;;;;;;;;
230;311;;;;;;;;;;;;;;;;;;;;;;;
248;311;;;;;;;;;;;;;;;;;;;;;;;
37;311;;;;;;;;;;;;;;;;;;;;;;;
232;311;;;;;;;;;;;;;;;;;;;;;;;
224;311;;;;;;;;;;;;;;;;;;;;;;;
247;311;;;;;;;;;;;;;;;;;;;;;;;
245;311;;;;;;;;;;;;;;;;;;;;;;;
249;311;;;;;;;;;;;;;;;;;;;;;;;
142;311;;;;;;;;;;;;;;;;;;;;;;;
250;311;;;;;;;;;;;;;;;;;;;;;;;
216;311;;;;;;;;;;;;;;;;;;;;;;;
34;311;;;;;;;;;;;;;;;;;;;;;;;
213;311;;;;;;;;;;;;;;;;;;;;;;;
219;311;;;;;;;;;;;;;;;;;;;;;;;
251;311;;;;;;;;;;;;;;;;;;;;;;;
252;311;;;;;;;;;;;;;;;;;;;;;;;
253;311;;;;;;;;;;;;;;;;;;;;;;;
142;312;;;;;;;;;;;;;;;;;;;;;;;
254;313;;;;;;;;;;;;;;;;;;;;;;;
254;314;;;;;;;;;;;;;;;;;;;;;;;
37;315;;;;;;;;;;;;;;;;;;;;;;;
37;316;;;;;;;;;;;;;;;;;;;;;;;
216;317;;;;;;;;;;;;;;;;;;;;;;;
250;318;;;;;;;;;;;;;;;;;;;;;;;
255;319;;;;;;;;;;;;;;;;;;;;;;;
250;320;;;;;;;;;;;;;;;;;;;;;;;
248;321;;;;;;;;;;;;;;;;;;;;;;;
36;321;;;;;;;;;;;;;;;;;;;;;;;
256;321;;;;;;;;;;;;;;;;;;;;;;;
232;321;;;;;;;;;;;;;;;;;;;;;;;
224;321;;;;;;;;;;;;;;;;;;;;;;;
245;321;;;;;;;;;;;;;;;;;;;;;;;
244;321;;;;;;;;;;;;;;;;;;;;;;;
219;321;;;;;;;;;;;;;;;;;;;;;;;
251;321;;;;;;;;;;;;;;;;;;;;;;;
252;321;;;;;;;;;;;;;;;;;;;;;;;
145;321;;;;;;;;;;;;;;;;;;;;;;;
253;321;;;;;;;;;;;;;;;;;;;;;;;
230;322;;;;;;;;;;;;;;;;;;;;;;;
247;322;;;;;;;;;;;;;;;;;;;;;;;
257;322;;;;;;;;;;;;;;;;;;;;;;;
250;322;;;;;;;;;;;;;;;;;;;;;;;
216;322;;;;;;;;;;;;;;;;;;;;;;;
34;322;;;;;;;;;;;;;;;;;;;;;;;
213;322;;;;;;;;;;;;;;;;;;;;;;;
30;322;;;;;;;;;;;;;;;;;;;;;;;
230;323;;;;;;;;;;;;;;;;;;;;;;;
248;323;;;;;;;;;;;;;;;;;;;;;;;
37;323;;;;;;;;;;;;;;;;;;;;;;;
232;323;;;;;;;;;;;;;;;;;;;;;;;
224;323;;;;;;;;;;;;;;;;;;;;;;;
247;323;;;;;;;;;;;;;;;;;;;;;;;
245;323;;;;;;;;;;;;;;;;;;;;;;;
249;323;;;;;;;;;;;;;;;;;;;;;;;
142;323;;;;;;;;;;;;;;;;;;;;;;;
250;323;;;;;;;;;;;;;;;;;;;;;;;
216;323;;;;;;;;;;;;;;;;;;;;;;;
34;323;;;;;;;;;;;;;;;;;;;;;;;
213;323;;;;;;;;;;;;;;;;;;;;;;;
219;323;;;;;;;;;;;;;;;;;;;;;;;
251;323;;;;;;;;;;;;;;;;;;;;;;;
252;323;;;;;;;;;;;;;;;;;;;;;;;
253;323;;;;;;;;;;;;;;;;;;;;;;;
36;324;;;;;;;;;;;;;;;;;;;;;;;
224;324;;;;;;;;;;;;;;;;;;;;;;;
245;324;;;;;;;;;;;;;;;;;;;;;;;
249;324;;;;;;;;;;;;;;;;;;;;;;;
257;324;;;;;;;;;;;;;;;;;;;;;;;
246;324;;;;;;;;;;;;;;;;;;;;;;;
213;324;;;;;;;;;;;;;;;;;;;;;;;
244;324;;;;;;;;;;;;;;;;;;;;;;;
258;325;;;;;;;;;;;;;;;;;;;;;;;
34;326;;;;;;;;;;;;;;;;;;;;;;;
256;327;;;;;;;;;;;;;;;;;;;;;;;
230;328;;;;;;;;;;;;;;;;;;;;;;;
248;329;;;;;;;;;;;;;;;;;;;;;;;
36;330;;;;;;;;;;;;;;;;;;;;;;;
256;331;;;;;;;;;;;;;;;;;;;;;;;
37;332;;;;;;;;;;;;;;;;;;;;;;;
259;333;;;;;;;;;;;;;;;;;;;;;;;
232;334;;;;;;;;;;;;;;;;;;;;;;;
255;335;;;;;;;;;;;;;;;;;;;;;;;
224;336;;;;;;;;;;;;;;;;;;;;;;;
247;337;;;;;;;;;;;;;;;;;;;;;;;
245;338;;;;;;;;;;;;;;;;;;;;;;;
249;339;;;;;;;;;;;;;;;;;;;;;;;
257;339;;;;;;;;;;;;;;;;;;;;;;;
142;340;;;;;;;;;;;;;;;;;;;;;;;
34;341;;;;;;;;;;;;;;;;;;;;;;;
250;342;;;;;;;;;;;;;;;;;;;;;;;
251;343;;;;;;;;;;;;;;;;;;;;;;;
122;344;;;;;;;;;;;;;;;;;;;;;;;
248;345;;;;;;;;;;;;;;;;;;;;;;;
34;346;;;;;;;;;;;;;;;;;;;;;;;
34;347;;;;;;;;;;;;;;;;;;;;;;;
37;347;;;;;;;;;;;;;;;;;;;;;;;
232;348;;;;;;;;;;;;;;;;;;;;;;;
253;348;;;;;;;;;;;;;;;;;;;;;;;
142;349;;;;;;;;;;;;;;;;;;;;;;;
34;349;;;;;;;;;;;;;;;;;;;;;;;
260;349;;;;;;;;;;;;;;;;;;;;;;;
261;349;;;;;;;;;;;;;;;;;;;;;;;
40;349;;;;;;;;;;;;;;;;;;;;;;;
262;349;;;;;;;;;;;;;;;;;;;;;;;
42;350;;;;;;;;;;;;;;;;;;;;;;;
142;350;;;;;;;;;;;;;;;;;;;;;;;
263;350;;;;;;;;;;;;;;;;;;;;;;;
34;350;;;;;;;;;;;;;;;;;;;;;;;
264;350;;;;;;;;;;;;;;;;;;;;;;;
265;350;;;;;;;;;;;;;;;;;;;;;;;
266;350;;;;;;;;;;;;;;;;;;;;;;;
267;350;;;;;;;;;;;;;;;;;;;;;;;
268;350;;;;;;;;;;;;;;;;;;;;;;;
269;350;;;;;;;;;;;;;;;;;;;;;;;
266;351;;;;;;;;;;;;;;;;;;;;;;;
270;351;;;;;;;;;;;;;;;;;;;;;;;
28;352;;;;;;;;;;;;;;;;;;;;;;;
271;353;;;;;;;;;;;;;;;;;;;;;;;
30;354;;;;;;;;;;;;;;;;;;;;;;;
265;355;;;;;;;;;;;;;;;;;;;;;;;
34;355;;;;;;;;;;;;;;;;;;;;;;;
42;356;;;;;;;;;;;;;;;;;;;;;;;
272;357;;;;;;;;;;;;;;;;;;;;;;;
138;358;;;;;;;;;;;;;;;;;;;;;;;
273;358;;;;;;;;;;;;;;;;;;;;;;;
274;359;;;;;;;;;;;;;;;;;;;;;;;
275;360;;;;;;;;;;;;;;;;;;;;;;;
142;361;;;;;;;;;;;;;;;;;;;;;;;
276;362;;;;;;;;;;;;;;;;;;;;;;;
277;362;;;;;;;;;;;;;;;;;;;;;;;
276;363;;;;;;;;;;;;;;;;;;;;;;;
277;363;;;;;;;;;;;;;;;;;;;;;;;
278;364;;;;;;;;;;;;;;;;;;;;;;;
279;365;;;;;;;;;;;;;;;;;;;;;;;
278;365;;;;;;;;;;;;;;;;;;;;;;;
280;365;;;;;;;;;;;;;;;;;;;;;;;
281;365;;;;;;;;;;;;;;;;;;;;;;;
282;366;;;;;;;;;;;;;;;;;;;;;;;
265;367;;;;;;;;;;;;;;;;;;;;;;;
34;368;;;;;;;;;;;;;;;;;;;;;;;
266;368;;;;;;;;;;;;;;;;;;;;;;;
283;369;;;;;;;;;;;;;;;;;;;;;;;
284;370;;;;;;;;;;;;;;;;;;;;;;;
284;371;;;;;;;;;;;;;;;;;;;;;;;
285;372;;;;;;;;;;;;;;;;;;;;;;;
286;373;;;;;;;;;;;;;;;;;;;;;;;
287;374;;;;;;;;;;;;;;;;;;;;;;;
288;374;;;;;;;;;;;;;;;;;;;;;;;
289;375;;;;;;;;;;;;;;;;;;;;;;;
286;376;;;;;;;;;;;;;;;;;;;;;;;
290;377;;;;;;;;;;;;;;;;;;;;;;;
291;378;;;;;;;;;;;;;;;;;;;;;;;
289;379;;;;;;;;;;;;;;;;;;;;;;;
290;380;;;;;;;;;;;;;;;;;;;;;;;
290;381;;;;;;;;;;;;;;;;;;;;;;;
285;382;;;;;;;;;;;;;;;;;;;;;;;
292;383;;;;;;;;;;;;;;;;;;;;;;;
293;384;;;;;;;;;;;;;;;;;;;;;;;
294;385;;;;;;;;;;;;;;;;;;;;;;;
295;386;;;;;;;;;;;;;;;;;;;;;;;
296;387;;;;;;;;;;;;;;;;;;;;;;;
297;388;;;;;;;;;;;;;;;;;;;;;;;
298;388;;;;;;;;;;;;;;;;;;;;;;;
299;389;;;;;;;;;;;;;;;;;;;;;;;
300;390;;;;;;;;;;;;;;;;;;;;;;;
27;391;;;;;;;;;;;;;;;;;;;;;;;
301;392;;;;;;;;;;;;;;;;;;;;;;;
302;392;;;;;;;;;;;;;;;;;;;;;;;
303;392;;;;;;;;;;;;;;;;;;;;;;;
304;392;;;;;;;;;;;;;;;;;;;;;;;
305;392;;;;;;;;;;;;;;;;;;;;;;;
263;392;;;;;;;;;;;;;;;;;;;;;;;
306;392;;;;;;;;;;;;;;;;;;;;;;;
232;393;;;;;;;;;;;;;;;;;;;;;;;
285;393;;;;;;;;;;;;;;;;;;;;;;;
300;393;;;;;;;;;;;;;;;;;;;;;;;
297;393;;;;;;;;;;;;;;;;;;;;;;;
298;393;;;;;;;;;;;;;;;;;;;;;;;
307;393;;;;;;;;;;;;;;;;;;;;;;;
308;393;;;;;;;;;;;;;;;;;;;;;;;
289;393;;;;;;;;;;;;;;;;;;;;;;;
301;394;;;;;;;;;;;;;;;;;;;;;;;
309;394;;;;;;;;;;;;;;;;;;;;;;;
310;394;;;;;;;;;;;;;;;;;;;;;;;
291;394;;;;;;;;;;;;;;;;;;;;;;;
311;394;;;;;;;;;;;;;;;;;;;;;;;
299;394;;;;;;;;;;;;;;;;;;;;;;;
312;394;;;;;;;;;;;;;;;;;;;;;;;
285;395;;;;;;;;;;;;;;;;;;;;;;;
313;395;;;;;;;;;;;;;;;;;;;;;;;
250;395;;;;;;;;;;;;;;;;;;;;;;;
314;395;;;;;;;;;;;;;;;;;;;;;;;
315;395;;;;;;;;;;;;;;;;;;;;;;;
33;396;;;;;;;;;;;;;;;;;;;;;;;
316;397;;;;;;;;;;;;;;;;;;;;;;;
35;398;;;;;;;;;;;;;;;;;;;;;;;
25;399;;;;;;;;;;;;;;;;;;;;;;;
41;400;;;;;;;;;;;;;;;;;;;;;;;
39;401;;;;;;;;;;;;;;;;;;;;;;;
26;402;;;;;;;;;;;;;;;;;;;;;;;
28;403;;;;;;;;;;;;;;;;;;;;;;;
42;404;;;;;;;;;;;;;;;;;;;;;;;
40;405;;;;;;;;;;;;;;;;;;;;;;;
34;406;;;;;;;;;;;;;;;;;;;;;;;
26;407;;;;;;;;;;;;;;;;;;;;;;;
25;407;;;;;;;;;;;;;;;;;;;;;;;
37;408;;;;;;;;;;;;;;;;;;;;;;;
37;409;;;;;;;;;;;;;;;;;;;;;;;
39;410;;;;;;;;;;;;;;;;;;;;;;;
38;411;;;;;;;;;;;;;;;;;;;;;;;
317;412;;;;;;;;;;;;;;;;;;;;;;;
33;413;;;;;;;;;;;;;;;;;;;;;;;
35;414;;;;;;;;;;;;;;;;;;;;;;;
36;415;;;;;;;;;;;;;;;;;;;;;;;
28;416;;;;;;;;;;;;;;;;;;;;;;;
42;417;;;;;;;;;;;;;;;;;;;;;;;
43;418;;;;;;;;;;;;;;;;;;;;;;;
318;419;;;;;;;;;;;;;;;;;;;;;;;
319;420;;;;;;;;;;;;;;;;;;;;;;;
320;421;;;;;;;;;;;;;;;;;;;;;;;
321;422;;;;;;;;;;;;;;;;;;;;;;;
322;422;;;;;;;;;;;;;;;;;;;;;;;
323;422;;;;;;;;;;;;;;;;;;;;;;;
324;422;;;;;;;;;;;;;;;;;;;;;;;
325;422;;;;;;;;;;;;;;;;;;;;;;;
321;423;;;;;;;;;;;;;;;;;;;;;;;
325;424;;;;;;;;;;;;;;;;;;;;;;;
326;424;;;;;;;;;;;;;;;;;;;;;;;
327;424;;;;;;;;;;;;;;;;;;;;;;;
328;425;;;;;;;;;;;;;;;;;;;;;;;
329;426;;;;;;;;;;;;;;;;;;;;;;;
330;427;;;;;;;;;;;;;;;;;;;;;;;
331;428;;;;;;;;;;;;;;;;;;;;;;;
323;429;;;;;;;;;;;;;;;;;;;;;;;
332;430;;;;;;;;;;;;;;;;;;;;;;;
320;431;;;;;;;;;;;;;;;;;;;;;;;
323;432;;;;;;;;;;;;;;;;;;;;;;;
329;432;;;;;;;;;;;;;;;;;;;;;;;
333;432;;;;;;;;;;;;;;;;;;;;;;;
334;432;;;;;;;;;;;;;;;;;;;;;;;
320;432;;;;;;;;;;;;;;;;;;;;;;;
335;432;;;;;;;;;;;;;;;;;;;;;;;
329;433;;;;;;;;;;;;;;;;;;;;;;;
271;434;;;;;;;;;;;;;;;;;;;;;;;
27;435;;;;;;;;;;;;;;;;;;;;;;;
336;436;;;;;;;;;;;;;;;;;;;;;;;
217;437;;;;;;;;;;;;;;;;;;;;;;;
250;438;;;;;;;;;;;;;;;;;;;;;;;
285;439;;;;;;;;;;;;;;;;;;;;;;;
28;440;;;;;;;;;;;;;;;;;;;;;;;
337;441;;;;;;;;;;;;;;;;;;;;;;;
338;442;;;;;;;;;;;;;;;;;;;;;;;
217;443;;;;;;;;;;;;;;;;;;;;;;;
27;444;;;;;;;;;;;;;;;;;;;;;;;
49;445;;;;;;;;;;;;;;;;;;;;;;;
339;446;;;;;;;;;;;;;;;;;;;;;;;
232;447;;;;;;;;;;;;;;;;;;;;;;;
34;448;;;;;;;;;;;;;;;;;;;;;;;
340;449;;;;;;;;;;;;;;;;;;;;;;;
138;450;;;;;;;;;;;;;;;;;;;;;;;
138;451;;;;;;;;;;;;;;;;;;;;;;;
138;452;;;;;;;;;;;;;;;;;;;;;;;
341;453;;;;;;;;;;;;;;;;;;;;;;;
46;454;;;;;;;;;;;;;;;;;;;;;;;
46;455;;;;;;;;;;;;;;;;;;;;;;;
342;456;;;;;;;;;;;;;;;;;;;;;;;
343;457;;;;;;;;;;;;;;;;;;;;;;;
344;458;;;;;;;;;;;;;;;;;;;;;;;
345;458;;;;;;;;;;;;;;;;;;;;;;;
346;459;;;;;;;;;;;;;;;;;;;;;;;
347;460;;;;;;;;;;;;;;;;;;;;;;;
348;461;;;;;;;;;;;;;;;;;;;;;;;
252;462;;;;;;;;;;;;;;;;;;;;;;;
347;463;;;;;;;;;;;;;;;;;;;;;;;
349;464;;;;;;;;;;;;;;;;;;;;;;;
350;464;;;;;;;;;;;;;;;;;;;;;;;
351;464;;;;;;;;;;;;;;;;;;;;;;;
129;464;;;;;;;;;;;;;;;;;;;;;;;
352;465;;;;;;;;;;;;;;;;;;;;;;;
353;466;;;;;;;;;;;;;;;;;;;;;;;
354;467;;;;;;;;;;;;;;;;;;;;;;;
129;468;;;;;;;;;;;;;;;;;;;;;;;
14;468;;;;;;;;;;;;;;;;;;;;;;;
353;469;;;;;;;;;;;;;;;;;;;;;;;
355;469;;;;;;;;;;;;;;;;;;;;;;;
356;469;;;;;;;;;;;;;;;;;;;;;;;
357;469;;;;;;;;;;;;;;;;;;;;;;;
358;470;;;;;;;;;;;;;;;;;;;;;;;
359;471;;;;;;;;;;;;;;;;;;;;;;;
360;471;;;;;;;;;;;;;;;;;;;;;;;
361;472;;;;;;;;;;;;;;;;;;;;;;;
362;472;;;;;;;;;;;;;;;;;;;;;;;
363;472;;;;;;;;;;;;;;;;;;;;;;;
364;473;;;;;;;;;;;;;;;;;;;;;;;
365;473;;;;;;;;;;;;;;;;;;;;;;;
366;473;;;;;;;;;;;;;;;;;;;;;;;
191;474;;;;;;;;;;;;;;;;;;;;;;;
367;475;;;;;;;;;;;;;;;;;;;;;;;
129;476;;;;;;;;;;;;;;;;;;;;;;;
368;476;;;;;;;;;;;;;;;;;;;;;;;
369;476;;;;;;;;;;;;;;;;;;;;;;;
370;476;;;;;;;;;;;;;;;;;;;;;;;
371;477;;;;;;;;;;;;;;;;;;;;;;;
372;478;;;;;;;;;;;;;;;;;;;;;;;
373;479;;;;;;;;;;;;;;;;;;;;;;;
0;480;;;;;;;;;;;;;;;;;;;;;;;
374;481;;;;;;;;;;;;;;;;;;;;;;;
375;482;;;;;;;;;;;;;;;;;;;;;;;
376;483;;;;;;;;;;;;;;;;;;;;;;;
377;484;;;;;;;;;;;;;;;;;;;;;;;
378;485;;;;;;;;;;;;;;;;;;;;;;;
379;486;;;;;;;;;;;;;;;;;;;;;;;
379;487;;;;;;;;;;;;;;;;;;;;;;;
378;488;;;;;;;;;;;;;;;;;;;;;;;
380;489;;;;;;;;;;;;;;;;;;;;;;;
381;490;;;;;;;;;;;;;;;;;;;;;;;
382;491;;;;;;;;;;;;;;;;;;;;;;;
383;492;;;;;;;;;;;;;;;;;;;;;;;
284;493;;;;;;;;;;;;;;;;;;;;;;;
284;494;;;;;;;;;;;;;;;;;;;;;;;
284;495;;;;;;;;;;;;;;;;;;;;;;;
284;496;;;;;;;;;;;;;;;;;;;;;;;
384;497;;;;;;;;;;;;;;;;;;;;;;;
34;497;;;;;;;;;;;;;;;;;;;;;;;
385;497;;;;;;;;;;;;;;;;;;;;;;;
386;498;;;;;;;;;;;;;;;;;;;;;;;
34;499;;;;;;;;;;;;;;;;;;;;;;;
387;500;;;;;;;;;;;;;;;;;;;;;;;
388;500;;;;;;;;;;;;;;;;;;;;;;;
271;500;;;;;;;;;;;;;;;;;;;;;;;
389;501;;;;;;;;;;;;;;;;;;;;;;;
142;502;;;;;;;;;;;;;;;;;;;;;;;
222;503;;;;;;;;;;;;;;;;;;;;;;;
390;504;;;;;;;;;;;;;;;;;;;;;;;
390;505;;;;;;;;;;;;;;;;;;;;;;;
390;506;;;;;;;;;;;;;;;;;;;;;;;
271;507;;;;;;;;;;;;;;;;;;;;;;;
391;508;;;;;;;;;;;;;;;;;;;;;;;
34;509;;;;;;;;;;;;;;;;;;;;;;;
392;510;;;;;;;;;;;;;;;;;;;;;;;
393;511;;;;;;;;;;;;;;;;;;;;;;;
394;512;;;;;;;;;;;;;;;;;;;;;;;
395;512;;;;;;;;;;;;;;;;;;;;;;;
396;513;;;;;;;;;;;;;;;;;;;;;;;
397;514;;;;;;;;;;;;;;;;;;;;;;;
398;515;;;;;;;;;;;;;;;;;;;;;;;
399;516;;;;;;;;;;;;;;;;;;;;;;;
400;517;;;;;;;;;;;;;;;;;;;;;;;
401;518;;;;;;;;;;;;;;;;;;;;;;;
402;519;;;;;;;;;;;;;;;;;;;;;;;
403;520;;;;;;;;;;;;;;;;;;;;;;;
404;520;;;;;;;;;;;;;;;;;;;;;;;
405;521;;;;;;;;;;;;;;;;;;;;;;;
406;522;;;;;;;;;;;;;;;;;;;;;;;
407;523;;;;;;;;;;;;;;;;;;;;;;;
408;524;;;;;;;;;;;;;;;;;;;;;;;
409;525;;;;;;;;;;;;;;;;;;;;;;;
410;526;;;;;;;;;;;;;;;;;;;;;;;
411;527;;;;;;;;;;;;;;;;;;;;;;;
412;528;;;;;;;;;;;;;;;;;;;;;;;
412;529;;;;;;;;;;;;;;;;;;;;;;;
413;530;;;;;;;;;;;;;;;;;;;;;;;
412;531;;;;;;;;;;;;;;;;;;;;;;;
414;532;;;;;;;;;;;;;;;;;;;;;;;
413;533;;;;;;;;;;;;;;;;;;;;;;;
415;534;;;;;;;;;;;;;;;;;;;;;;;
416;534;;;;;;;;;;;;;;;;;;;;;;;
417;534;;;;;;;;;;;;;;;;;;;;;;;
418;534;;;;;;;;;;;;;;;;;;;;;;;
419;534;;;;;;;;;;;;;;;;;;;;;;;
420;535;;;;;;;;;;;;;;;;;;;;;;;
421;536;;;;;;;;;;;;;;;;;;;;;;;
422;537;;;;;;;;;;;;;;;;;;;;;;;
423;537;;;;;;;;;;;;;;;;;;;;;;;
424;537;;;;;;;;;;;;;;;;;;;;;;;
425;537;;;;;;;;;;;;;;;;;;;;;;;
426;537;;;;;;;;;;;;;;;;;;;;;;;
427;537;;;;;;;;;;;;;;;;;;;;;;;
428;537;;;;;;;;;;;;;;;;;;;;;;;
429;537;;;;;;;;;;;;;;;;;;;;;;;
0;538;;;;;;;;;;;;;;;;;;;;;;;
430;539;;;;;;;;;;;;;;;;;;;;;;;
431;539;;;;;;;;;;;;;;;;;;;;;;;
432;540;;;;;;;;;;;;;;;;;;;;;;;
433;540;;;;;;;;;;;;;;;;;;;;;;;
434;541;;;;;;;;;;;;;;;;;;;;;;;
435;542;;;;;;;;;;;;;;;;;;;;;;;
436;543;;;;;;;;;;;;;;;;;;;;;;;
389;544;;;;;;;;;;;;;;;;;;;;;;;
434;545;;;;;;;;;;;;;;;;;;;;;;;
437;546;;;;;;;;;;;;;;;;;;;;;;;
47;546;;;;;;;;;;;;;;;;;;;;;;;
438;546;;;;;;;;;;;;;;;;;;;;;;;
391;546;;;;;;;;;;;;;;;;;;;;;;;
314;546;;;;;;;;;;;;;;;;;;;;;;;
250;547;;;;;;;;;;;;;;;;;;;;;;;
40;548;;;;;;;;;;;;;;;;;;;;;;;
285;549;;;;;;;;;;;;;;;;;;;;;;;
439;549;;;;;;;;;;;;;;;;;;;;;;;
440;549;;;;;;;;;;;;;;;;;;;;;;;
437;549;;;;;;;;;;;;;;;;;;;;;;;
138;550;;;;;;;;;;;;;;;;;;;;;;;
32;551;;;;;;;;;;;;;;;;;;;;;;;
441;552;;;;;;;;;;;;;;;;;;;;;;;
442;552;;;;;;;;;;;;;;;;;;;;;;;
443;553;;;;;;;;;;;;;;;;;;;;;;;
306;553;;;;;;;;;;;;;;;;;;;;;;;
444;554;;;;;;;;;;;;;;;;;;;;;;;
445;555;;;;;;;;;;;;;;;;;;;;;;;
441;556;;;;;;;;;;;;;;;;;;;;;;;
442;556;;;;;;;;;;;;;;;;;;;;;;;
443;556;;;;;;;;;;;;;;;;;;;;;;;
306;556;;;;;;;;;;;;;;;;;;;;;;;
446;557;;;;;;;;;;;;;;;;;;;;;;;
447;558;;;;;;;;;;;;;;;;;;;;;;;
447;559;;;;;;;;;;;;;;;;;;;;;;;
448;560;;;;;;;;;;;;;;;;;;;;;;;
449;560;;;;;;;;;;;;;;;;;;;;;;;
450;560;;;;;;;;;;;;;;;;;;;;;;;
451;561;;;;;;;;;;;;;;;;;;;;;;;
452;562;;;;;;;;;;;;;;;;;;;;;;;
337;563;;;;;;;;;;;;;;;;;;;;;;;
27;564;;;;;;;;;;;;;;;;;;;;;;;
453;564;;;;;;;;;;;;;;;;;;;;;;;
447;564;;;;;;;;;;;;;;;;;;;;;;;
337;564;;;;;;;;;;;;;;;;;;;;;;;
451;565;;;;;;;;;;;;;;;;;;;;;;;
449;565;;;;;;;;;;;;;;;;;;;;;;;
452;565;;;;;;;;;;;;;;;;;;;;;;;
450;565;;;;;;;;;;;;;;;;;;;;;;;
448;565;;;;;;;;;;;;;;;;;;;;;;;
446;565;;;;;;;;;;;;;;;;;;;;;;;
449;566;;;;;;;;;;;;;;;;;;;;;;;
452;566;;;;;;;;;;;;;;;;;;;;;;;
450;566;;;;;;;;;;;;;;;;;;;;;;;
448;566;;;;;;;;;;;;;;;;;;;;;;;
446;566;;;;;;;;;;;;;;;;;;;;;;;
447;566;;;;;;;;;;;;;;;;;;;;;;;
454;567;;;;;;;;;;;;;;;;;;;;;;;
455;568;;;;;;;;;;;;;;;;;;;;;;;
456;569;;;;;;;;;;;;;;;;;;;;;;;
457;570;;;;;;;;;;;;;;;;;;;;;;;
458;571;;;;;;;;;;;;;;;;;;;;;;;
459;572;;;;;;;;;;;;;;;;;;;;;;;
459;573;;;;;;;;;;;;;;;;;;;;;;;
459;574;;;;;;;;;;;;;;;;;;;;;;;
455;575;;;;;;;;;;;;;;;;;;;;;;;
460;575;;;;;;;;;;;;;;;;;;;;;;;
461;575;;;;;;;;;;;;;;;;;;;;;;;
462;575;;;;;;;;;;;;;;;;;;;;;;;
463;575;;;;;;;;;;;;;;;;;;;;;;;
464;575;;;;;;;;;;;;;;;;;;;;;;;
459;575;;;;;;;;;;;;;;;;;;;;;;;
459;575;;;;;;;;;;;;;;;;;;;;;;;
465;576;;;;;;;;;;;;;;;;;;;;;;;
465;577;;;;;;;;;;;;;;;;;;;;;;;
465;578;;;;;;;;;;;;;;;;;;;;;;;
466;579;;;;;;;;;;;;;;;;;;;;;;;
466;580;;;;;;;;;;;;;;;;;;;;;;;
466;581;;;;;;;;;;;;;;;;;;;;;;;
466;582;;;;;;;;;;;;;;;;;;;;;;;
467;583;;;;;;;;;;;;;;;;;;;;;;;
468;584;;;;;;;;;;;;;;;;;;;;;;;
465;585;;;;;;;;;;;;;;;;;;;;;;;
461;586;;;;;;;;;;;;;;;;;;;;;;;
465;587;;;;;;;;;;;;;;;;;;;;;;;
461;587;;;;;;;;;;;;;;;;;;;;;;;
469;587;;;;;;;;;;;;;;;;;;;;;;;
470;588;;;;;;;;;;;;;;;;;;;;;;;
471;589;;;;;;;;;;;;;;;;;;;;;;;
465;589;;;;;;;;;;;;;;;;;;;;;;;
460;590;;;;;;;;;;;;;;;;;;;;;;;
456;591;;;;;;;;;;;;;;;;;;;;;;;
472;592;;;;;;;;;;;;;;;;;;;;;;;
458;593;;;;;;;;;;;;;;;;;;;;;;;
473;594;;;;;;;;;;;;;;;;;;;;;;;
462;595;;;;;;;;;;;;;;;;;;;;;;;
474;596;;;;;;;;;;;;;;;;;;;;;;;
474;597;;;;;;;;;;;;;;;;;;;;;;;
475;598;;;;;;;;;;;;;;;;;;;;;;;
476;599;;;;;;;;;;;;;;;;;;;;;;;
466;600;;;;;;;;;;;;;;;;;;;;;;;
477;601;;;;;;;;;;;;;;;;;;;;;;;
476;601;;;;;;;;;;;;;;;;;;;;;;;
478;601;;;;;;;;;;;;;;;;;;;;;;;
479;601;;;;;;;;;;;;;;;;;;;;;;;
462;601;;;;;;;;;;;;;;;;;;;;;;;
480;601;;;;;;;;;;;;;;;;;;;;;;;
481;601;;;;;;;;;;;;;;;;;;;;;;;
482;602;;;;;;;;;;;;;;;;;;;;;;;
472;603;;;;;;;;;;;;;;;;;;;;;;;
483;604;;;;;;;;;;;;;;;;;;;;;;;
461;605;;;;;;;;;;;;;;;;;;;;;;;
461;606;;;;;;;;;;;;;;;;;;;;;;;
461;607;;;;;;;;;;;;;;;;;;;;;;;
473;608;;;;;;;;;;;;;;;;;;;;;;;
479;609;;;;;;;;;;;;;;;;;;;;;;;
409;610;;;;;;;;;;;;;;;;;;;;;;;
410;611;;;;;;;;;;;;;;;;;;;;;;;
411;612;;;;;;;;;;;;;;;;;;;;;;;
413;613;;;;;;;;;;;;;;;;;;;;;;;
412;614;;;;;;;;;;;;;;;;;;;;;;;
484;615;;;;;;;;;;;;;;;;;;;;;;;
485;616;;;;;;;;;;;;;;;;;;;;;;;
486;616;;;;;;;;;;;;;;;;;;;;;;;
487;617;;;;;;;;;;;;;;;;;;;;;;;
488;617;;;;;;;;;;;;;;;;;;;;;;;
489;618;;;;;;;;;;;;;;;;;;;;;;;
490;619;;;;;;;;;;;;;;;;;;;;;;;
491;620;;;;;;;;;;;;;;;;;;;;;;;
492;621;;;;;;;;;;;;;;;;;;;;;;;
493;622;;;;;;;;;;;;;;;;;;;;;;;
494;623;;;;;;;;;;;;;;;;;;;;;;;
495;624;;;;;;;;;;;;;;;;;;;;;;;
496;625;;;;;;;;;;;;;;;;;;;;;;;
497;626;;;;;;;;;;;;;;;;;;;;;;;
498;627;;;;;;;;;;;;;;;;;;;;;;;
499;628;;;;;;;;;;;;;;;;;;;;;;;
500;628;;;;;;;;;;;;;;;;;;;;;;;
501;628;;;;;;;;;;;;;;;;;;;;;;;
502;629;;;;;;;;;;;;;;;;;;;;;;;
503;630;;;;;;;;;;;;;;;;;;;;;;;
504;631;;;;;;;;;;;;;;;;;;;;;;;
157;632;;;;;;;;;;;;;;;;;;;;;;;
153;632;;;;;;;;;;;;;;;;;;;;;;;
505;632;;;;;;;;;;;;;;;;;;;;;;;
506;633;;;;;;;;;;;;;;;;;;;;;;;
507;634;;;;;;;;;;;;;;;;;;;;;;;
508;634;;;;;;;;;;;;;;;;;;;;;;;
509;634;;;;;;;;;;;;;;;;;;;;;;;
510;635;;;;;;;;;;;;;;;;;;;;;;;
496;636;;;;;;;;;;;;;;;;;;;;;;;
253;637;;;;;;;;;;;;;;;;;;;;;;;
511;638;;;;;;;;;;;;;;;;;;;;;;;
512;639;;;;;;;;;;;;;;;;;;;;;;;
513;640;;;;;;;;;;;;;;;;;;;;;;;
513;641;;;;;;;;;;;;;;;;;;;;;;;
514;642;;;;;;;;;;;;;;;;;;;;;;;
142;643;;;;;;;;;;;;;;;;;;;;;;;
515;644;;;;;;;;;;;;;;;;;;;;;;;
516;645;;;;;;;;;;;;;;;;;;;;;;;
517;645;;;;;;;;;;;;;;;;;;;;;;;
518;646;;;;;;;;;;;;;;;;;;;;;;;
519;647;;;;;;;;;;;;;;;;;;;;;;;
520;648;;;;;;;;;;;;;;;;;;;;;;;
521;648;;;;;;;;;;;;;;;;;;;;;;;
522;649;;;;;;;;;;;;;;;;;;;;;;;
523;650;;;;;;;;;;;;;;;;;;;;;;;
524;651;;;;;;;;;;;;;;;;;;;;;;;
520;652;;;;;;;;;;;;;;;;;;;;;;;
525;652;;;;;;;;;;;;;;;;;;;;;;;
520;653;;;;;;;;;;;;;;;;;;;;;;;
525;653;;;;;;;;;;;;;;;;;;;;;;;
522;653;;;;;;;;;;;;;;;;;;;;;;;
526;653;;;;;;;;;;;;;;;;;;;;;;;
520;654;;;;;;;;;;;;;;;;;;;;;;;
521;654;;;;;;;;;;;;;;;;;;;;;;;
520;655;;;;;;;;;;;;;;;;;;;;;;;
439;656;;;;;;;;;;;;;;;;;;;;;;;
527;657;;;;;;;;;;;;;;;;;;;;;;;
525;658;;;;;;;;;;;;;;;;;;;;;;;
521;659;;;;;;;;;;;;;;;;;;;;;;;
528;660;;;;;;;;;;;;;;;;;;;;;;;
529;661;;;;;;;;;;;;;;;;;;;;;;;
241;662;;;;;;;;;;;;;;;;;;;;;;;
530;663;;;;;;;;;;;;;;;;;;;;;;;
243;664;;;;;;;;;;;;;;;;;;;;;;;
530;665;;;;;;;;;;;;;;;;;;;;;;;
530;666;;;;;;;;;;;;;;;;;;;;;;;
122;667;;;;;;;;;;;;;;;;;;;;;;;
346;668;;;;;;;;;;;;;;;;;;;;;;;
531;669;;;;;;;;;;;;;;;;;;;;;;;
520;670;;;;;;;;;;;;;;;;;;;;;;;
346;670;;;;;;;;;;;;;;;;;;;;;;;
530;670;;;;;;;;;;;;;;;;;;;;;;;
522;671;;;;;;;;;;;;;;;;;;;;;;;
526;672;;;;;;;;;;;;;;;;;;;;;;;
122;673;;;;;;;;;;;;;;;;;;;;;;;
520;674;;;;;;;;;;;;;;;;;;;;;;;
439;675;;;;;;;;;;;;;;;;;;;;;;;
524;676;;;;;;;;;;;;;;;;;;;;;;;
532;677;;;;;;;;;;;;;;;;;;;;;;;
533;678;;;;;;;;;;;;;;;;;;;;;;;
534;679;;;;;;;;;;;;;;;;;;;;;;;
219;680;;;;;;;;;;;;;;;;;;;;;;;
535;681;;;;;;;;;;;;;;;;;;;;;;;
534;682;;;;;;;;;;;;;;;;;;;;;;;
100;682;;;;;;;;;;;;;;;;;;;;;;;
534;683;;;;;;;;;;;;;;;;;;;;;;;
536;684;;;;;;;;;;;;;;;;;;;;;;;
537;685;;;;;;;;;;;;;;;;;;;;;;;
538;686;;;;;;;;;;;;;;;;;;;;;;;
539;687;;;;;;;;;;;;;;;;;;;;;;;
286;688;;;;;;;;;;;;;;;;;;;;;;;
265;689;;;;;;;;;;;;;;;;;;;;;;;
39;690;;;;;;;;;;;;;;;;;;;;;;;
540;691;;;;;;;;;;;;;;;;;;;;;;;